aX,aY,aZ,gX,gY,gZ
-1.869,0.238,1.064,0.732,9.338,16.296
-2.128,0.298,1.168,12.634,9.583,28.870
-2.400,0.336,1.271,29.785,11.963,45.837
-2.673,0.384,1.398,54.077,14.160,67.566
-2.811,0.353,1.532,76.538,5.615,89.294
-2.909,0.320,1.532,96.008,-14.771,110.779
-2.998,0.284,1.379,111.084,-41.565,127.686
-3.045,0.258,1.121,117.004,-65.613,137.268
-3.033,0.177,0.818,115.906,-81.726,141.235
-2.912,0.017,0.490,111.450,-88.867,140.808
-2.654,-0.092,0.156,108.521,-88.867,130.798
-2.326,-0.109,-0.169,114.441,-82.886,114.563
-1.950,-0.097,-0.409,131.592,-68.359,101.990
-1.491,-0.122,-0.538,157.532,-47.058,97.717
-1.006,-0.125,-0.444,181.885,-22.400,101.868
-0.562,-0.130,-0.255,189.819,-3.784,108.826
0.006,-0.231,-0.147,168.457,-0.793,117.676
0.652,-0.420,-0.173,123.474,-6.470,124.207
1.442,-0.556,-0.262,64.758,-11.780,123.230
2.304,-0.576,-0.376,4.883,-6.409,117.432
3.178,-0.510,-0.424,-40.405,20.874,116.760
3.988,-0.387,-0.249,-62.927,75.867,119.568
4.000,-0.246,0.331,-61.279,152.832,112.244
4.000,-0.049,1.161,-36.804,221.558,82.886
4.000,0.250,1.986,1.892,257.568,33.875
4.000,0.714,2.634,48.279,262.695,-14.465
3.852,1.353,3.162,98.572,241.699,-46.143
3.103,1.820,3.507,143.127,184.204,-47.546
2.499,1.881,3.348,159.241,87.708,-23.682
2.239,1.636,2.810,112.915,-24.231,-1.282
2.370,1.262,2.042,7.141,-123.108,4.272
2.673,0.831,1.218,-117.004,-198.120,-0.793
2.840,0.344,0.519,-211.487,-233.887,1.709
2.665,-0.149,0.040,-237.549,-220.276,15.503
2.255,-0.616,-0.059,-191.101,-178.528,32.776
1.693,-0.864,0.098,-100.952,-137.756,40.466
1.145,-0.859,0.342,-12.085,-114.685,32.043
0.680,-0.808,0.520,41.016,-109.924,10.254
0.411,-0.735,0.521,45.532,-113.037,-19.958
0.176,-0.663,0.450,14.099,-110.107,-56.885
-0.063,-0.569,0.340,-31.677,-96.863,-93.201
-0.306,-0.483,0.266,-78.186,-76.965,-120.544
-0.604,-0.412,0.198,-110.901,-53.833,-135.681
-1.012,-0.332,0.170,-118.408,-26.306,-140.381
-1.579,-0.261,0.223,-102.478,6.775,-138.428
-2.052,-0.114,0.378,-78.491,35.156,-133.179
-2.196,0.073,0.710,-56.030,49.561,-124.634
-2.265,0.183,1.044,-38.452,51.575,-109.619
-2.236,0.138,1.318,-33.264,44.067,-92.834
-2.110,-0.083,1.489,-40.466,28.992,-77.515
-1.949,-0.390,1.496,-51.819,14.954,-71.045
-1.726,-0.550,1.410,-61.279,5.188,-81.970
-1.453,-0.489,1.230,-62.622,-1.465,-102.844
-1.266,-0.249,1.064,-52.673,-0.305,-120.178
-1.112,0.040,0.953,-33.386,7.507,-123.840
-1.007,0.247,0.920,-9.521,17.395,-114.014
-0.945,0.344,0.940,9.521,26.428,-95.825
-0.914,0.283,0.974,16.907,31.677,-74.524
-0.875,0.107,1.011,8.484,33.081,-52.795
-0.860,-0.108,1.064,-11.292,32.532,-36.438
-0.854,-0.308,1.056,-36.865,28.564,-30.579
-0.840,-0.415,1.087,-55.908,20.813,-32.471
-0.808,-0.430,1.048,-58.533,7.935,-33.813
-0.768,-0.391,0.969,-46.997,-1.953,-31.433
-0.666,-0.286,0.894,-25.024,-10.498,-28.198
-0.620,-0.127,0.859,1.404,-13.306,-22.339
-0.626,-0.003,0.849,23.010,-10.620,-12.756
-0.616,-0.010,0.878,32.532,-5.737,-1.160
-0.617,-0.113,0.951,28.625,-0.183,8.728
-0.619,-0.216,1.008,14.771,2.075,9.338
-0.617,-0.270,1.031,-0.732,-0.732,1.038
-0.593,-0.255,1.017,-8.423,-7.019,-8.423
-0.572,-0.222,0.997,-5.127,-15.381,-13.794
-0.540,-0.179,0.960,5.859,-23.682,-15.076
-0.480,-0.124,0.924,18.921,-30.823,-14.465
-0.435,-0.056,0.879,29.724,-34.546,-11.902
-0.393,0.012,0.850,34.851,-33.569,-6.714
-0.389,0.034,0.849,32.593,-27.893,0.671
-0.399,-0.017,0.863,23.193,-20.142,8.545
-0.400,-0.095,0.894,8.911,-13.489,11.414
-0.406,-0.161,0.919,-5.798,-9.583,6.775
-0.422,-0.172,0.934,-15.564,-8.545,-1.953
-0.417,-0.138,0.945,-16.541,-10.559,-9.888
-0.417,-0.079,0.949,-5.371,-15.259,-13.916
-0.406,-0.030,0.925,12.756,-21.484,-12.939
-0.394,-0.010,0.877,29.297,-26.489,-8.667
-0.379,-0.010,0.831,36.682,-26.978,-4.272
-0.371,-0.024,0.808,33.630,-22.400,-2.014
-0.369,-0.066,0.805,22.705,-14.771,-1.160
-0.388,-0.100,0.823,8.057,-6.775,-2.258
-0.408,-0.120,0.833,-4.639,-1.648,-5.371
-0.413,-0.121,0.836,-11.902,0.000,-9.216
-0.403,-0.111,0.835,-12.207,-0.854,-11.719
-0.392,-0.105,0.840,-5.737,-2.441,-12.390
-0.379,-0.094,0.828,4.944,-4.211,-11.475
-0.371,-0.078,0.818,15.076,-5.371,-9.827
-0.369,-0.064,0.812,20.325,-4.761,-8.179
-0.365,-0.042,0.810,19.104,-3.052,-6.836
-0.362,-0.034,0.817,12.146,0.000,-5.737
-0.357,-0.043,0.833,2.136,4.028,-4.822
-0.367,-0.051,0.872,-6.775,8.179,-5.005
-0.380,-0.075,0.914,-13.245,10.376,-5.737
-0.401,-0.100,0.955,-14.282,9.277,-6.470
-0.410,-0.124,0.976,-8.728,4.517,-6.958
-0.413,-0.127,0.962,1.099,-2.136,-7.202
-0.409,-0.114,0.931,12.390,-8.484,-7.080
-0.402,-0.096,0.884,19.287,-13.245,-6.897
-0.383,-0.073,0.833,19.836,-15.259,-6.836
-0.346,-0.054,0.805,16.052,-12.878,-6.470
-0.355,-0.052,0.810,10.498,-5.432,-5.188
-0.381,-0.066,0.839,2.991,3.296,-3.967
-0.400,-0.083,0.881,-3.906,9.399,-3.845
-0.411,-0.095,0.932,-7.935,11.780,-4.211
-0.426,-0.109,0.965,-7.568,10.498,-4.517
-0.422,-0.116,0.981,-3.967,5.432,-5.066
-0.417,-0.107,0.974,1.526,-0.977,-5.554
-0.411,-0.088,0.937,7.507,-5.859,-5.737
-0.399,-0.063,0.894,11.414,-9.155,-5.493
-0.392,-0.047,0.853,12.207,-9.949,-4.517

-1.957,0.166,0.777,-18.188,11.658,54.504
-2.265,0.118,0.818,2.014,20.325,78.186
-2.624,0.110,0.900,23.376,31.494,99.670
-2.965,0.104,1.081,44.250,41.321,118.042
-3.187,0.027,1.237,60.059,44.373,135.437
-3.224,-0.051,1.272,66.833,34.973,147.522
-3.216,-0.082,1.192,70.129,20.020,151.306
-3.270,-0.101,1.071,71.899,3.357,152.405
-3.268,-0.137,0.876,72.998,-16.418,154.053
-3.155,-0.257,0.616,75.806,-38.025,151.917
-2.902,-0.405,0.382,81.177,-55.115,142.700
-2.551,-0.459,0.167,97.595,-68.481,127.625
-2.174,-0.456,0.044,128.052,-78.064,112.671
-1.717,-0.546,-0.057,164.062,-86.121,101.746
-1.082,-0.625,-0.216,197.693,-93.140,91.553
-0.414,-0.572,-0.372,225.220,-92.346,81.726
0.231,-0.415,-0.420,240.479,-78.796,76.965
1.078,-0.275,-0.256,230.957,-55.725,80.627
2.127,-0.241,0.050,190.063,-28.503,93.018
2.817,-0.409,0.189,133.545,7.507,106.873
3.239,-0.510,0.299,67.322,57.373,110.168
3.940,-0.526,0.567,4.822,108.704,101.685
4.000,-0.676,0.983,-24.292,162.842,85.999
4.000,-0.682,1.810,-7.385,236.877,49.438
4.000,0.049,2.996,40.039,309.509,-16.541
4.000,1.084,4.000,94.788,328.430,-65.552
3.507,1.804,4.000,142.456,270.203,-59.143
2.804,1.979,4.000,154.297,141.663,-19.226
2.489,1.738,3.891,93.567,-7.874,7.446
2.510,1.213,2.826,-29.358,-138.245,5.920
2.899,0.618,1.546,-172.485,-241.150,-12.939
3.164,0.036,0.482,-275.513,-295.471,-26.672
2.997,-0.438,-0.189,-296.875,-283.203,-23.499
2.582,-0.728,-0.397,-230.164,-230.835,-9.521
2.025,-0.880,-0.175,-101.929,-176.453,8.179
1.388,-0.854,0.120,27.161,-140.320,15.564
0.806,-0.766,0.369,101.624,-124.939,6.531
0.383,-0.684,0.452,101.379,-125.244,-15.747
0.139,-0.613,0.348,48.218,-127.075,-46.631
-0.062,-0.554,0.154,-24.780,-118.469,-75.317
-0.245,-0.527,-0.038,-89.417,-96.741,-92.590
-0.428,-0.497,-0.125,-127.869,-62.073,-97.412
-0.761,-0.550,-0.106,-136.414,-19.958,-93.506
-1.254,-0.548,-0.035,-123.779,17.578,-91.309
-1.686,-0.467,0.096,-99.182,42.908,-96.558
-2.078,-0.332,0.246,-73.547,58.899,-102.600
-2.334,-0.152,0.433,-58.044,70.496,-106.567
-2.347,0.018,0.634,-54.321,78.308,-112.915
-2.238,0.140,0.797,-58.533,82.764,-116.028
-2.033,0.170,0.906,-62.866,87.402,-109.619
-1.867,0.106,0.994,-58.289,93.323,-98.450
-1.745,-0.007,1.017,-45.166,98.389,-86.182
-1.544,-0.063,1.076,-28.503,100.342,-78.430
-1.507,-0.121,1.174,-11.353,99.060,-74.707
-1.411,-0.209,1.224,-4.944,90.881,-70.496
-1.274,-0.244,1.234,-9.644,72.693,-70.679
-1.196,-0.204,1.198,-18.860,51.147,-75.378
-1.109,-0.126,1.104,-28.320,30.151,-79.834
-0.991,0.001,0.977,-33.142,9.949,-81.299
-0.906,0.086,0.839,-29.236,-3.906,-75.684
-0.844,0.083,0.725,-20.447,-10.193,-60.730
-0.813,0.005,0.693,-13.367,-10.376,-42.175
-0.789,-0.186,0.710,-13.123,-6.226,-26.062
-0.791,-0.395,0.719,-18.494,-0.854,-16.724
-0.780,-0.533,0.739,-23.499,3.235,-18.677
-0.766,-0.561,0.788,-20.142,5.432,-28.076
-0.758,-0.492,0.829,-7.568,6.348,-37.964
-0.738,-0.320,0.885,6.470,4.639,-45.410
-0.693,-0.141,0.912,16.602,0.183,-47.180
-0.633,0.001,0.905,17.883,-4.028,-43.335
-0.591,0.077,0.886,11.475,-5.432,-35.767
-0.591,0.077,0.879,2.197,-3.296,-25.879
-0.594,0.041,0.889,-5.981,-0.671,-15.686
-0.595,-0.052,0.879,-12.878,0.122,-7.690
-0.595,-0.155,0.844,-16.174,0.000,-4.211
-0.596,-0.190,0.818,-13.550,-1.099,-5.249
-0.584,-0.181,0.808,-4.822,-3.296,-7.751
-0.565,-0.136,0.828,6.470,-5.127,-9.216
-0.552,-0.093,0.876,15.747,-5.554,-9.277
-0.554,-0.070,0.906,18.982,-5.310,-8.667
-0.541,-0.042,0.907,15.442,-5.371,-8.606
-0.537,-0.027,0.894,8.118,-4.456,-7.996
-0.533,-0.028,0.866,0.366,-2.319,-6.348
-0.525,-0.047,0.823,-5.554,0.244,-3.967
-0.516,-0.093,0.804,-8.362,3.906,-1.953
-0.521,-0.127,0.809,-7.996,7.507,-2.075
-0.517,-0.118,0.837,-5.371,8.240,-3.784
-0.528,-0.105,0.856,-1.404,6.592,-5.127
-0.518,-0.103,0.857,3.296,4.395,-3.662
-0.508,-0.110,0.851,8.667,2.686,-1.892
-0.501,-0.116,0.850,12.085,2.625,-0.488
-0.483,-0.107,0.854,12.390,3.906,0.183
-0.486,-0.088,0.868,9.888,5.615,0.732
-0.486,-0.072,0.886,4.883,8.057,1.831
-0.479,-0.066,0.902,-2.075,10.437,3.174
-0.469,-0.082,0.934,-7.812,12.207,4.211
-0.463,-0.125,0.978,-11.108,12.390,4.639
-0.473,-0.157,1.022,-10.376,9.949,3.540
-0.476,-0.173,1.039,-6.897,3.723,1.160
-0.463,-0.182,1.017,-1.831,-4.944,-1.038
-0.443,-0.175,0.972,4.822,-12.695,-2.258
-0.428,-0.154,0.912,9.705,-17.212,-3.418
-0.414,-0.127,0.869,10.437,-17.883,-4.944
-0.402,-0.097,0.834,6.287,-14.587,-5.981
-0.393,-0.073,0.824,-0.366,-8.728,-6.042
-0.409,-0.062,0.848,-6.348,-1.892,-5.066
-0.422,-0.073,0.877,-9.949,2.869,-3.235
-0.428,-0.102,0.915,-10.681,4.211,-1.831
-0.448,-0.137,0.951,-7.935,2.441,-1.282
-0.443,-0.159,0.962,-2.869,-2.502,-1.770
-0.442,-0.159,0.942,3.113,-9.216,-3.662
-0.434,-0.131,0.894,8.423,-15.381,-6.042
-0.423,-0.095,0.840,10.742,-19.104,-7.446
-0.397,-0.067,0.788,9.705,-18.616,-7.690
-0.391,-0.050,0.759,6.042,-13.184,-7.141
-0.396,-0.047,0.756,-0.061,-4.700,-5.920
-0.403,-0.045,0.782,-6.287,3.540,-4.883
-0.413,-0.055,0.838,-10.742,9.766,-3.296
-0.429,-0.079,0.896,-12.817,12.573,-2.258

-1.798,-0.001,0.848,25.085,-1.648,59.387
-2.021,-0.006,0.757,36.011,-8.850,64.636
-2.302,0.052,0.663,42.114,-13.672,65.186
-2.541,0.180,0.620,43.884,-13.428,63.477
-2.652,0.322,0.610,41.565,-12.146,61.890
-2.645,0.418,0.616,36.194,-10.925,65.613
-2.517,0.390,0.624,32.288,-9.583,75.134
-2.394,0.274,0.635,39.185,-10.864,89.417
-2.299,0.112,0.624,60.608,-14.404,103.516
-2.194,-0.023,0.636,90.393,-19.470,108.887
-2.109,-0.136,0.620,119.568,-27.466,106.628
-1.996,-0.190,0.550,137.024,-38.696,97.412
-1.748,-0.198,0.470,138.062,-51.331,82.886
-1.425,-0.228,0.346,126.099,-64.026,70.129
-1.026,-0.249,0.178,107.544,-70.679,60.364
-0.535,-0.213,0.019,91.370,-66.895,56.641
-0.051,-0.167,-0.065,85.510,-47.974,61.340
0.327,-0.132,-0.027,88.318,-11.963,72.327
0.791,-0.120,0.220,91.553,27.771,85.388
1.166,-0.106,0.562,95.886,61.829,96.802
1.448,-0.138,0.829,94.666,86.243,110.596
1.842,-0.194,0.958,76.721,93.872,125.000
2.354,-0.231,0.995,44.983,91.187,132.629
2.838,-0.293,1.042,6.958,95.764,127.502
3.155,-0.473,1.139,-33.142,119.995,107.361
3.204,-0.502,1.368,-65.796,166.565,65.063
3.127,-0.254,1.777,-82.275,217.896,5.432
3.032,0.190,2.277,-75.623,246.521,-44.373
2.804,0.603,2.702,-45.044,243.103,-60.425
2.522,0.815,2.812,0.793,211.121,-40.588
2.306,0.871,2.772,43.457,160.889,-4.456
2.104,0.724,2.629,69.946,98.572,27.527
2.015,0.375,2.368,72.266,26.733,48.218
2.109,-0.030,2.000,49.377,-46.265,52.795
2.272,-0.367,1.647,12.512,-111.877,39.368
2.348,-0.606,1.390,-21.545,-164.856,13.367
2.343,-0.783,1.145,-38.940,-205.322,-15.686
2.295,-0.871,0.870,-36.438,-235.657,-42.297
2.200,-0.843,0.608,-20.264,-257.324,-63.599
2.017,-0.710,0.374,0.671,-266.846,-80.383
1.740,-0.519,0.186,17.578,-262.634,-91.919
1.366,-0.356,0.067,21.973,-248.596,-94.421
0.983,-0.256,0.009,9.583,-227.661,-91.064
0.590,-0.243,-0.012,-17.395,-203.857,-89.478
0.162,-0.322,-0.062,-50.049,-180.115,-93.140
-0.179,-0.353,-0.068,-77.026,-159.302,-101.196
-0.433,-0.335,-0.065,-88.379,-140.381,-110.901
-0.574,-0.276,-0.040,-85.327,-121.338,-117.737
-0.672,-0.192,-0.009,-74.951,-102.539,-117.676
-0.938,-0.127,-0.035,-64.026,-82.642,-114.319
-1.176,-0.017,-0.017,-59.631,-61.218,-115.906
-1.607,0.100,-0.068,-56.946,-41.077,-121.826
-1.890,0.266,-0.122,-57.922,-23.560,-130.554
-1.938,0.451,-0.136,-53.711,-8.423,-140.564
-1.935,0.559,-0.113,-39.185,7.629,-139.160
-1.934,0.545,-0.015,-18.372,31.067,-122.253
-1.982,0.425,0.128,2.625,58.655,-95.947
-2.010,0.234,0.284,19.348,79.529,-70.801
-1.920,0.050,0.434,25.940,89.050,-56.396
-1.787,-0.049,0.550,20.142,89.294,-54.260
-1.645,-0.075,0.621,2.991,84.778,-60.364
-1.468,-0.004,0.637,-20.569,79.285,-71.960
-1.297,0.090,0.654,-42.297,75.134,-82.031
-1.231,0.161,0.684,-52.734,74.341,-84.961
-1.225,0.185,0.682,-49.927,70.557,-77.026
-1.231,0.130,0.683,-34.424,60.791,-55.847
-1.205,-0.002,0.695,-12.817,47.974,-28.503
-1.160,-0.147,0.726,6.470,35.034,-5.981
-1.113,-0.275,0.743,21.545,22.583,7.080
-1.024,-0.360,0.763,33.386,11.963,10.132
-0.958,-0.367,0.762,41.077,6.042,3.906
-0.912,-0.278,0.773,41.687,5.981,-8.179
-0.886,-0.122,0.796,35.217,10.193,-21.606
-0.886,0.049,0.833,24.536,15.442,-31.067
-0.890,0.187,0.855,12.207,17.456,-33.813
-0.861,0.260,0.866,1.587,15.015,-30.334
-0.844,0.257,0.858,-4.211,10.925,-22.400
-0.815,0.199,0.853,-5.493,7.690,-13.184
-0.793,0.134,0.860,-2.136,4.272,-5.432
-0.772,0.065,0.856,4.639,0.610,1.099
-0.735,-0.007,0.842,13.611,-2.991,7.202
-0.690,-0.038,0.821,22.400,-5.188,10.132
-0.666,-0.053,0.811,27.222,-4.150,9.827
-0.638,-0.037,0.817,24.780,-0.671,7.263
-0.642,-0.022,0.865,15.747,4.517,2.441
-0.646,-0.016,0.895,0.549,7.446,-2.380
-0.626,-0.021,0.879,-15.137,4.333,-6.775
-0.598,-0.020,0.830,-25.146,-0.122,-10.193
-0.569,-0.012,0.771,-26.611,-2.197,-10.925
-0.552,0.001,0.734,-18.921,-2.319,-8.545
-0.533,0.011,0.717,-5.920,0.000,-3.845
-0.541,-0.002,0.719,7.385,5.005,3.357
-0.558,-0.017,0.752,15.564,10.681,9.521
-0.571,-0.033,0.815,15.808,13.489,12.024
-0.562,-0.053,0.879,8.606,13.306,11.841
-0.559,-0.075,0.914,-1.648,9.705,8.484
-0.560,-0.085,0.906,-11.597,4.150,3.906
-0.564,-0.078,0.883,-17.700,-0.732,-0.427
-0.559,-0.072,0.848,-17.090,-4.028,-2.991
-0.550,-0.072,0.812,-11.536,-5.615,-2.686
-0.541,-0.056,0.779,-3.967,-5.188,-0.916
-0.539,-0.028,0.763,3.052,-2.014,2.563
-0.530,-0.012,0.779,6.897,3.540,7.202
-0.531,-0.002,0.851,6.226,9.644,10.986
-0.558,-0.006,0.942,0.671,12.329,13.489
-0.571,-0.038,0.994,-7.385,8.789,14.832
-0.564,-0.084,0.999,-14.343,0.427,14.343
-0.549,-0.129,0.962,-16.663,-8.057,11.841
-0.541,-0.144,0.888,-13.367,-14.587,8.057
-0.523,-0.115,0.821,-7.629,-17.883,4.211
-0.512,-0.083,0.761,-2.502,-17.029,1.892
-0.511,-0.053,0.725,0.183,-11.597,1.404
-0.509,-0.038,0.716,0.244,-3.418,2.136
-0.511,-0.037,0.745,-1.587,5.676,4.150
-0.525,-0.047,0.826,-4.456,13.611,6.653
-0.548,-0.070,0.917,-8.118,15.564,8.667
-0.554,-0.095,0.963,-12.390,10.254,9.216
-0.542,-0.120,0.950,-13.672,0.916,7.935
-0.537,-0.115,0.909,-10.620,-7.263,5.615

-2.176,0.054,0.781,6.287,21.362,62.988
-2.288,0.036,0.852,4.211,25.452,72.021
-2.401,0.032,0.828,2.686,20.935,79.285
-2.544,0.075,0.783,2.869,14.343,80.872
-2.684,0.162,0.725,4.639,7.263,78.369
-2.717,0.256,0.651,9.583,-1.831,79.346
-2.694,0.300,0.601,23.132,-11.047,88.318
-2.619,0.250,0.516,44.373,-20.996,103.882
-2.475,0.150,0.386,69.458,-32.410,120.972
-2.294,0.037,0.200,94.971,-40.527,131.348
-2.083,-0.005,0.085,114.563,-42.725,131.348
-1.828,-0.021,0.008,125.366,-44.250,128.784
-1.441,-0.071,-0.096,129.089,-50.171,128.967
-0.968,-0.104,-0.212,126.099,-57.434,130.249
-0.418,-0.088,-0.271,116.821,-58.167,131.714
0.111,0.005,-0.313,101.257,-48.889,134.155
0.709,0.029,-0.252,74.585,-30.273,135.071
1.462,0.001,-0.154,33.264,-0.854,136.841
2.436,-0.259,-0.010,-18.372,37.048,137.756
3.345,-0.771,0.165,-55.298,85.449,125.366
3.983,-1.035,0.615,-60.059,149.597,77.698
4.000,-0.713,1.398,-27.344,221.497,5.432
4.000,-0.038,2.275,29.053,276.184,-52.673
4.000,0.669,3.119,86.670,289.001,-67.383
3.924,1.156,3.954,134.277,262.756,-40.710
3.096,1.222,4.000,153.625,205.872,2.258
2.518,0.992,4.000,121.216,119.446,30.518
2.269,0.615,3.501,42.114,10.193,22.827
2.318,0.169,2.640,-52.368,-96.741,-7.507
2.536,-0.206,1.608,-131.165,-182.312,-36.865
2.585,-0.419,0.801,-164.185,-229.370,-50.293
2.355,-0.549,0.266,-143.677,-229.736,-48.950
1.960,-0.635,-0.018,-91.064,-202.026,-38.635
1.549,-0.675,-0.070,-31.921,-166.870,-25.513
1.157,-0.676,0.036,11.230,-132.080,-20.447
0.755,-0.641,0.175,25.818,-101.685,-26.306
0.433,-0.595,0.293,11.597,-77.637,-38.269
0.132,-0.517,0.367,-22.705,-58.105,-53.162
-0.194,-0.486,0.383,-66.650,-41.077,-68.237
-0.602,-0.500,0.329,-108.215,-26.489,-82.336
-0.851,-0.538,0.282,-135.803,-16.541,-96.619
-1.007,-0.551,0.225,-142.090,-11.719,-110.168
-1.271,-0.484,0.184,-124.390,-3.296,-122.314
-1.475,-0.367,0.254,-90.332,15.442,-133.179
-1.497,-0.194,0.428,-49.072,35.095,-140.991
-1.529,0.030,0.682,-10.376,45.654,-144.348
-1.575,0.186,0.859,16.113,45.898,-143.433
-1.560,0.274,0.887,25.635,36.377,-137.024
-1.527,0.290,0.773,22.095,21.912,-129.089
-1.379,0.261,0.629,13.428,12.512,-123.169
-1.336,0.238,0.506,8.667,15.442,-121.094
-1.276,0.225,0.434,8.484,31.250,-120.178
-1.285,0.242,0.457,12.268,53.406,-117.981
-1.375,0.243,0.540,18.372,75.195,-109.741
-1.384,0.189,0.645,18.921,86.731,-97.107
-1.308,0.102,0.754,11.414,84.106,-86.243
-1.210,0.045,0.816,-3.113,72.693,-81.970
-1.101,0.024,0.825,-20.203,61.462,-84.290
-1.034,0.039,0.830,-32.837,55.176,-89.783
-0.976,0.094,0.830,-35.278,53.711,-92.529
-0.944,0.162,0.840,-26.917,53.162,-90.332
-0.925,0.222,0.884,-11.597,53.223,-82.886
-0.940,0.274,0.934,3.418,50.964,-72.815
-0.914,0.323,0.977,12.451,44.128,-63.049
-0.925,0.366,1.020,13.306,34.424,-54.749
-0.891,0.392,1.011,5.615,23.254,-47.668
-0.855,0.404,0.990,-5.615,12.756,-42.664
-0.818,0.392,0.982,-15.137,6.592,-38.635
-0.787,0.349,0.979,-19.592,5.066,-35.156
-0.766,0.296,0.947,-17.944,6.409,-30.640
-0.766,0.243,0.962,-9.888,10.681,-22.522
-0.781,0.182,1.016,3.174,14.954,-10.925
-0.781,0.114,1.075,16.357,15.381,-0.549
-0.787,0.057,1.124,24.353,11.841,7.690
-0.784,0.004,1.153,24.475,4.883,12.024
-0.741,-0.039,1.135,18.494,-5.493,11.353
-0.671,-0.038,1.089,9.277,-16.052,6.653
-0.624,-0.006,1.024,0.916,-22.583,1.404
-0.569,0.016,0.950,-4.822,-24.353,-1.160
-0.523,0.029,0.879,-7.080,-21.362,-1.404
-0.495,0.038,0.848,-5.310,-15.137,1.282
-0.486,0.015,0.852,-0.549,-8.423,6.958
-0.471,-0.027,0.884,4.944,-4.333,13.916
-0.463,-0.067,0.943,9.033,-4.150,18.738
-0.462,-0.125,0.970,10.925,-7.568,20.935
-0.444,-0.149,0.957,8.972,-13.916,19.226
-0.431,-0.141,0.933,4.456,-18.921,14.587
-0.442,-0.114,0.889,-1.404,-21.301,8.484
-0.440,-0.071,0.838,-8.240,-21.851,3.540
-0.434,-0.039,0.793,-14.893,-19.531,0.793
-0.438,-0.020,0.763,-18.372,-14.099,0.793
-0.437,-0.023,0.751,-17.273,-7.141,4.150
-0.430,-0.032,0.773,-12.634,0.427,8.972
-0.444,-0.051,0.846,-7.263,7.568,12.878
-0.462,-0.082,0.937,-3.113,10.925,15.320
-0.472,-0.101,0.992,-0.671,7.141,14.954
-0.461,-0.103,1.014,0.488,-1.160,11.902
-0.461,-0.080,1.001,0.671,-9.521,7.568
-0.451,-0.044,0.961,0.549,-16.052,4.822
-0.445,-0.022,0.917,0.549,-19.653,4.517
-0.445,-0.026,0.865,-0.183,-19.592,5.859
-0.442,-0.048,0.818,-2.747,-16.357,7.202
-0.438,-0.070,0.782,-5.981,-10.803,7.263
-0.435,-0.070,0.787,-8.728,-3.967,5.432
-0.450,-0.059,0.818,-9.033,2.197,3.967
-0.453,-0.054,0.874,-6.958,5.493,3.662
-0.472,-0.053,0.940,-3.540,4.211,3.357
-0.480,-0.050,0.975,0.671,-0.977,2.441
-0.469,-0.038,0.968,5.493,-8.057,1.648
-0.470,-0.031,0.936,9.827,-14.038,1.038
-0.467,-0.013,0.892,11.047,-16.602,0.671
-0.463,0.005,0.865,9.644,-16.052,1.526
-0.471,0.002,0.835,7.080,-12.878,3.845
-0.461,-0.015,0.808,3.479,-8.789,6.348
-0.458,-0.036,0.800,0.183,-4.333,6.653
-0.460,-0.039,0.820,-2.747,0.488,5.371
-0.463,-0.038,0.856,-4.150,4.150,3.723
-0.471,-0.024,0.909,-3.601,4.578,2.625
-0.473,-0.011,0.952,-1.343,1.709,2.197

-1.762,0.059,0.855,8.240,-9.705,86.731
-1.946,0.067,0.817,3.723,-10.315,86.548
-2.142,0.090,0.785,-4.578,-8.179,83.313
-2.331,0.165,0.806,-14.587,-3.052,79.224
-2.458,0.252,0.895,-20.264,2.502,77.087
-2.465,0.355,0.952,-16.846,6.653,80.322
-2.473,0.437,0.960,-4.639,9.705,91.614
-2.464,0.485,0.931,12.512,10.315,106.018
-2.429,0.469,0.879,26.978,1.648,118.713
-2.356,0.414,0.757,37.415,-19.226,127.197
-2.288,0.368,0.528,48.950,-50.476,130.371
-2.214,0.336,0.240,55.969,-84.045,128.174
-2.124,0.295,-0.084,53.711,-111.694,122.070
-1.996,0.258,-0.409,47.974,-128.723,115.662
-1.751,0.184,-0.696,52.917,-134.949,114.929
-1.437,0.158,-0.883,80.566,-129.089,122.498
-1.105,0.108,-0.868,127.686,-110.046,139.343
-0.705,-0.073,-0.738,172.363,-84.167,158.813
-0.227,-0.271,-0.527,184.875,-57.007,169.739
0.444,-0.510,-0.247,153.870,-29.663,170.776
1.219,-0.726,0.035,94.055,-2.563,160.217
2.165,-0.895,0.459,34.485,33.691,144.592
2.810,-0.999,0.897,8.423,84.839,136.108
3.307,-0.975,1.299,0.549,135.925,128.113
3.815,-0.617,2.036,-1.160,179.932,113.159
4.000,-0.411,2.883,8.606,219.360,91.003
4.000,-0.218,3.499,8.423,242.737,59.753
3.891,0.340,3.996,-9.277,242.004,8.850
3.257,1.073,4.000,-34.790,205.688,-43.701
2.732,1.537,4.000,-60.852,121.277,-67.261
2.488,1.473,3.800,-79.468,6.714,-51.392
2.419,1.054,2.929,-93.323,-104.004,-17.456
2.388,0.536,1.944,-104.248,-188.110,9.399
2.435,0.082,1.104,-100.098,-236.023,26.184
2.300,-0.256,0.505,-75.012,-241.577,36.438
1.974,-0.495,0.183,-35.767,-210.266,42.664
1.593,-0.611,0.140,3.357,-166.931,43.030
1.233,-0.619,0.225,33.630,-129.150,36.255
0.848,-0.582,0.386,46.143,-99.792,22.034
0.487,-0.550,0.443,34.119,-85.876,3.784
0.192,-0.527,0.393,2.380,-85.938,-12.756
-0.081,-0.513,0.263,-33.508,-90.454,-27.405
-0.349,-0.550,0.127,-64.209,-92.346,-39.795
-0.534,-0.584,0.063,-81.482,-88.318,-48.340
-0.701,-0.593,0.069,-80.872,-78.918,-50.842
-0.879,-0.621,0.044,-70.190,-66.101,-48.767
-0.984,-0.617,0.028,-58.044,-51.147,-49.072
-1.182,-0.595,0.019,-44.250,-32.593,-54.871
-1.465,-0.554,-0.027,-34.058,-9.949,-66.040
-1.621,-0.400,0.005,-33.447,11.047,-85.999
-1.783,-0.215,0.105,-40.283,24.475,-108.459
-1.810,-0.144,0.184,-52.124,28.564,-116.394
-1.682,-0.181,0.269,-56.213,31.311,-105.286
-1.655,-0.292,0.363,-43.335,41.870,-85.327
-1.628,-0.401,0.495,-20.630,54.810,-65.430
-1.538,-0.477,0.625,0.000,62.195,-50.415
-1.490,-0.502,0.736,10.681,65.674,-41.992
-1.413,-0.519,0.818,9.460,67.017,-41.321
-1.332,-0.517,0.875,-1.648,61.646,-48.035
-1.207,-0.502,0.879,-16.174,48.950,-61.279
-1.134,-0.406,0.840,-27.222,34.119,-78.613
-1.094,-0.290,0.784,-29.419,16.907,-91.492
-1.042,-0.201,0.684,-21.545,0.549,-92.529
-1.004,-0.140,0.607,-4.944,-9.155,-82.581
-0.978,-0.100,0.554,14.709,-12.939,-67.505
-0.941,-0.087,0.560,30.273,-10.925,-51.147
-0.919,-0.092,0.573,35.400,-5.920,-37.659
-0.851,-0.085,0.624,31.372,-1.953,-30.457
-0.824,-0.064,0.710,24.597,1.892,-28.381
-0.798,-0.060,0.774,18.860,5.066,-26.672
-0.765,-0.060,0.823,16.968,5.615,-24.963
-0.757,-0.121,0.847,21.301,5.188,-22.156
-0.731,-0.173,0.855,29.541,4.883,-19.348
-0.715,-0.210,0.862,38.025,4.211,-18.127
-0.713,-0.229,0.843,42.297,4.089,-17.212
-0.690,-0.233,0.796,38.696,3.723,-18.127
-0.655,-0.213,0.760,27.405,2.991,-22.644
-0.623,-0.170,0.759,12.207,3.723,-28.809
-0.609,-0.128,0.776,-2.258,5.127,-34.363
-0.601,-0.094,0.791,-11.902,5.554,-37.598
-0.590,-0.054,0.807,-15.015,5.005,-38.208
-0.603,-0.040,0.832,-9.888,5.920,-35.217
-0.614,-0.061,0.846,-0.366,7.996,-29.968
-0.627,-0.082,0.845,9.155,7.935,-25.085
-0.624,-0.118,0.822,14.038,5.554,-22.095
-0.612,-0.138,0.779,12.634,3.052,-21.912
-0.597,-0.152,0.747,7.385,0.732,-23.315
-0.579,-0.152,0.722,1.038,-0.122,-24.109
-0.576,-0.149,0.720,-3.967,2.441,-23.743
-0.575,-0.150,0.737,-6.775,7.568,-21.545
-0.576,-0.155,0.764,-6.287,13.428,-18.494
-0.587,-0.157,0.781,-3.784,20.386,-14.893
-0.577,-0.161,0.812,-2.075,25.208,-12.085
-0.568,-0.161,0.855,-1.282,27.344,-10.742
-0.564,-0.175,0.895,-1.038,26.611,-10.925
-0.551,-0.182,0.923,-1.526,21.667,-12.024
-0.548,-0.185,0.932,-1.709,14.526,-14.709
-0.547,-0.163,0.914,-1.892,8.240,-17.395
-0.547,-0.130,0.890,-1.282,3.845,-18.372
-0.546,-0.108,0.866,0.244,2.136,-16.724
-0.547,-0.099,0.841,1.404,3.296,-13.855
-0.542,-0.099,0.823,2.014,6.226,-10.986
-0.538,-0.106,0.818,2.136,10.620,-8.667
-0.537,-0.110,0.841,1.953,15.503,-7.202
-0.542,-0.110,0.886,1.770,18.372,-6.226
-0.547,-0.107,0.946,1.648,17.334,-5.310
-0.555,-0.122,0.976,1.465,12.207,-4.089
-0.554,-0.132,0.983,1.953,5.859,-3.723
-0.559,-0.140,0.974,2.625,-0.366,-4.272
-0.543,-0.131,0.939,2.136,-5.676,-5.432
-0.536,-0.115,0.908,1.465,-8.667,-6.348
-0.530,-0.106,0.870,0.000,-9.460,-6.104
-0.515,-0.100,0.818,-2.686,-10.132,-5.920
-0.505,-0.095,0.767,-5.249,-8.728,-5.859
-0.501,-0.087,0.740,-7.080,-4.333,-5.615
-0.510,-0.079,0.754,-7.324,0.610,-4.944
-0.514,-0.088,0.777,-6.714,3.113,-3.723
-0.512,-0.115,0.805,-5.005,1.953,-1.892
-0.521,-0.161,0.805,-1.038,-1.160,-0.305

-1.828,-0.128,0.764,-16.052,1.709,51.392
-2.010,-0.126,0.766,-2.563,0.916,55.359
-2.171,-0.055,0.793,7.446,1.648,52.551
-2.324,0.054,0.822,11.414,4.639,44.373
-2.470,0.205,0.829,10.071,10.681,34.973
-2.584,0.393,0.800,7.568,19.714,28.687
-2.663,0.576,0.710,8.484,26.062,31.067
-2.707,0.710,0.583,20.752,27.344,46.509
-2.699,0.736,0.435,46.570,24.170,75.073
-2.683,0.625,0.253,80.933,16.602,109.009
-2.553,0.409,0.105,114.319,8.179,134.888
-2.404,0.192,-0.059,136.963,2.075,145.020
-2.247,0.031,-0.241,142.456,-0.549,139.343
-2.070,-0.032,-0.376,132.507,-1.831,124.023
-1.788,-0.105,-0.546,118.896,-4.578,106.812
-1.297,-0.145,-0.757,112.366,-6.470,95.093
-0.628,-0.206,-0.920,121.887,-1.099,95.337
0.114,-0.399,-0.964,150.879,19.531,106.873
0.842,-0.489,-0.719,180.176,55.237,117.371
1.541,-0.488,-0.334,181.335,84.961,121.399
2.427,-0.504,0.040,147.461,99.609,128.967
3.341,-0.608,0.372,85.449,112.427,141.602
3.998,-0.824,0.568,10.193,137.451,143.433
4.000,-0.921,0.818,-51.086,187.927,118.713
4.000,-0.841,1.493,-69.702,258.240,70.740
4.000,-0.428,2.494,-21.912,324.280,15.137
4.000,0.193,3.533,72.449,356.384,-17.517
3.567,0.641,4.000,166.687,322.815,-7.446
2.885,0.797,4.000,231.934,230.103,27.283
2.351,0.755,4.000,238.770,110.840,51.514
1.994,0.641,3.692,168.152,-13.245,43.457
2.088,0.416,2.881,41.687,-131.592,9.705
2.414,0.136,1.969,-91.003,-229.919,-27.161
2.626,-0.153,1.105,-188.782,-290.771,-48.218
2.591,-0.410,0.458,-226.074,-309.021,-47.363
2.304,-0.590,0.053,-199.890,-295.959,-36.438
1.879,-0.672,-0.139,-128.479,-266.174,-23.315
1.457,-0.657,-0.091,-43.640,-229.858,-10.681
1.057,-0.561,0.019,20.386,-197.632,-5.188
0.649,-0.459,0.121,43.945,-173.950,-7.935
0.306,-0.406,0.176,27.222,-155.884,-15.564
0.058,-0.386,0.198,-18.372,-140.503,-25.818
-0.189,-0.444,0.156,-73.181,-125.549,-38.269
-0.478,-0.521,0.054,-119.873,-109.619,-50.659
-0.693,-0.577,-0.035,-147.827,-92.346,-61.340
-0.924,-0.564,-0.096,-152.161,-72.937,-69.641
-1.174,-0.495,-0.116,-134.155,-52.185,-73.730
-1.359,-0.390,0.007,-97.778,-30.945,-73.792
-1.502,-0.317,0.162,-52.795,-15.930,-65.979
-1.540,-0.261,0.293,-16.418,-11.108,-51.147
-1.558,-0.298,0.387,3.540,-11.658,-35.828
-1.550,-0.457,0.365,4.028,-12.573,-28.076
-1.429,-0.608,0.303,-13.977,-11.230,-33.875
-1.343,-0.668,0.256,-38.208,-4.761,-51.636
-1.322,-0.640,0.221,-56.152,11.169,-73.303
-1.256,-0.539,0.221,-65.002,32.043,-90.759
-1.213,-0.406,0.282,-64.758,53.406,-101.196
-1.201,-0.263,0.413,-59.753,73.425,-104.675
-1.196,-0.152,0.585,-53.650,85.388,-101.379
-1.163,-0.118,0.741,-47.424,85.632,-92.773
-1.132,-0.160,0.845,-40.710,80.322,-79.651
-1.104,-0.226,0.935,-36.194,73.425,-68.481
-1.076,-0.274,0.978,-32.654,63.110,-62.317
-1.062,-0.307,0.988,-27.832,52.185,-60.608
-0.998,-0.328,0.952,-22.034,40.161,-62.012
-0.919,-0.311,0.890,-13.123,27.466,-66.406
-0.867,-0.216,0.867,-2.563,18.250,-72.510
-0.821,-0.064,0.837,4.761,12.024,-76.599
-0.814,0.069,0.822,6.836,8.423,-75.012
-0.828,0.119,0.831,5.127,9.460,-65.308
-0.861,0.073,0.856,2.930,13.855,-50.171
-0.870,-0.030,0.886,2.869,15.869,-35.461
-0.873,-0.127,0.915,6.409,13.550,-25.635
-0.869,-0.180,0.923,11.230,7.690,-22.095
-0.834,-0.182,0.884,15.076,-0.732,-23.010
-0.778,-0.125,0.853,18.738,-8.484,-26.001
-0.745,-0.056,0.827,23.804,-12.451,-27.405
-0.716,0.009,0.829,28.564,-12.390,-27.161
-0.692,0.081,0.833,33.752,-9.949,-25.452
-0.676,0.145,0.871,37.170,-5.981,-21.057
-0.674,0.161,0.899,34.790,-0.793,-14.648
-0.662,0.143,0.916,26.306,3.784,-7.629
-0.649,0.110,0.901,14.526,7.080,-3.296
-0.637,0.064,0.871,2.258,9.521,-1.892
-0.615,0.008,0.842,-7.385,10.437,-2.197
-0.591,-0.043,0.820,-12.512,9.766,-4.761
-0.582,-0.072,0.787,-12.817,9.338,-8.484
-0.573,-0.074,0.772,-9.644,10.010,-11.475
-0.574,-0.082,0.759,-3.784,12.512,-11.475
-0.568,-0.098,0.765,2.991,16.724,-9.033
-0.571,-0.102,0.835,8.362,20.935,-6.775
-0.582,-0.125,0.897,7.446,21.851,-6.042
-0.582,-0.138,0.918,-0.671,18.127,-8.179
-0.573,-0.110,0.910,-11.963,11.780,-13.184
-0.548,-0.083,0.887,-20.569,6.592,-17.517
-0.547,-0.064,0.872,-22.339,4.883,-19.348
-0.544,-0.045,0.864,-18.433,4.883,-18.555
-0.535,-0.048,0.857,-10.681,4.639,-15.869
-0.539,-0.061,0.857,-2.319,5.554,-11.902
-0.530,-0.077,0.880,5.249,7.446,-7.935
-0.532,-0.093,0.917,10.376,8.850,-5.615
-0.535,-0.102,0.953,10.254,8.789,-4.761
-0.545,-0.116,0.983,4.944,6.714,-5.493
-0.547,-0.122,0.970,-4.578,2.075,-8.057
-0.534,-0.104,0.938,-14.771,-3.357,-12.756
-0.524,-0.076,0.893,-21.179,-6.836,-15.686
-0.512,-0.056,0.864,-21.362,-7.812,-15.991
-0.504,-0.043,0.847,-15.808,-7.141,-13.855
-0.500,-0.034,0.836,-8.606,-5.920,-10.437
-0.500,-0.041,0.830,-1.953,-4.028,-6.470
-0.505,-0.060,0.820,3.357,-0.854,-2.808
-0.509,-0.069,0.829,6.653,1.587,-0.549
-0.516,-0.080,0.852,7.385,2.441,0.244
-0.513,-0.086,0.876,4.028,1.587,-0.488
-0.515,-0.080,0.907,-0.977,-0.610,-2.441
-0.509,-0.074,0.918,-4.333,-3.235,-4.517
-0.505,-0.058,0.918,-5.005,-5.615,-6.165
-0.500,-0.045,0.905,-2.930,-6.836,-6.714
-0.504,-0.049,0.880,0.549,-6.836,-5.676

-1.691,-0.230,0.921,2.808,15.137,54.749
-1.858,-0.193,0.989,1.282,21.851,51.575
-2.097,-0.090,1.087,-0.183,27.039,48.035
-2.396,0.064,1.160,2.869,27.954,46.082
-2.638,0.235,1.278,13.062,25.635,49.438
-2.762,0.362,1.379,29.785,19.226,59.021
-2.839,0.435,1.354,49.744,2.319,74.768
-2.842,0.444,1.239,70.923,-23.010,92.529
-2.792,0.417,1.047,90.759,-50.171,105.774
-2.680,0.375,0.827,106.018,-75.378,112.915
-2.564,0.325,0.559,113.831,-96.252,114.380
-2.459,0.279,0.298,115.234,-108.459,111.023
-2.316,0.228,0.053,113.098,-110.352,105.164
-2.111,0.186,-0.180,111.328,-105.530,97.473
-1.858,0.134,-0.351,110.962,-94.177,88.867
-1.562,0.054,-0.440,116.028,-79.224,81.726
-1.233,-0.002,-0.392,125.610,-64.697,79.529
-0.863,-0.117,-0.295,132.019,-57.495,81.787
-0.429,-0.183,-0.234,126.770,-59.021,82.458
0.122,-0.227,-0.202,108.826,-61.707,80.261
0.850,-0.266,-0.231,80.811,-56.885,81.543
1.672,-0.344,-0.272,53.284,-38.208,89.661
2.386,-0.475,-0.279,36.499,-0.854,100.769
3.103,-0.737,-0.088,28.015,60.181,112.549
3.779,-1.008,0.328,20.569,137.756,111.633
4.000,-1.088,0.918,20.752,216.003,93.689
4.000,-0.931,1.814,35.950,285.522,62.866
4.000,-0.500,2.817,61.890,337.341,28.015
3.691,-0.005,3.585,82.336,350.891,7.629
2.972,0.490,4.000,86.914,311.890,6.348
2.395,0.789,4.000,72.693,225.281,10.864
2.005,0.869,3.990,36.194,113.647,9.277
1.982,0.798,3.364,-23.315,-6.226,-2.502
2.225,0.508,2.486,-90.759,-118.469,-15.015
2.540,0.086,1.493,-145.691,-207.703,-15.198
2.734,-0.301,0.729,-162.415,-249.146,-3.357
2.630,-0.629,0.284,-132.874,-237.122,10.071
2.332,-0.845,0.218,-72.449,-193.237,16.357
1.932,-0.817,0.363,-12.451,-151.001,8.179
1.507,-0.683,0.631,24.658,-129.150,-7.935
1.101,-0.574,0.763,29.663,-125.916,-22.949
0.817,-0.471,0.713,1.953,-132.019,-34.607
0.601,-0.424,0.592,-40.405,-133.179,-45.105
0.384,-0.441,0.440,-80.078,-125.000,-51.331
0.142,-0.435,0.337,-106.384,-110.657,-54.138
-0.180,-0.383,0.268,-118.774,-94.177,-55.725
-0.453,-0.346,0.227,-120.239,-78.552,-55.908
-0.733,-0.332,0.160,-111.267,-64.270,-54.382
-1.086,-0.286,0.196,-93.506,-48.096,-53.467
-1.472,-0.277,0.228,-72.083,-31.799,-56.213
-1.760,-0.252,0.250,-55.908,-23.560,-59.143
-1.873,-0.228,0.286,-47.607,-25.757,-61.279
-1.814,-0.218,0.277,-45.715,-31.128,-65.247
-1.792,-0.235,0.214,-49.072,-30.029,-70.190
-1.700,-0.261,0.120,-56.458,-21.667,-75.195
-1.602,-0.294,0.042,-59.387,-5.249,-79.285
-1.526,-0.327,0.030,-54.932,24.719,-81.482
-1.536,-0.307,0.188,-46.448,64.026,-85.938
-1.547,-0.280,0.364,-41.077,94.299,-91.858
-1.491,-0.191,0.538,-43.030,109.253,-99.304
-1.419,-0.056,0.717,-49.316,110.962,-107.300
-1.312,0.087,0.825,-56.763,101.563,-112.061
-1.242,0.207,0.861,-60.181,88.440,-112.305
-1.203,0.250,0.838,-57.007,76.843,-102.356
-1.164,0.163,0.790,-45.776,67.627,-80.200
-1.156,-0.019,0.753,-25.024,64.270,-51.697
-1.125,-0.224,0.749,-1.038,65.186,-27.344
-1.089,-0.404,0.768,21.606,65.674,-13.062
-1.042,-0.491,0.844,41.260,64.819,-10.071
-1.020,-0.484,0.934,53.772,60.669,-15.625
-0.997,-0.393,0.984,55.298,51.514,-26.611
-0.955,-0.227,0.973,47.058,38.391,-40.405
-0.913,-0.052,0.919,35.522,26.550,-51.331
-0.857,0.102,0.867,24.719,20.142,-56.152
-0.840,0.226,0.825,15.808,20.935,-54.871
-0.833,0.285,0.792,10.315,26.367,-47.424
-0.823,0.306,0.770,10.193,31.006,-35.706
-0.797,0.287,0.781,17.151,34.912,-21.973
-0.763,0.248,0.816,30.212,37.598,-7.446
-0.730,0.213,0.947,47.546,36.865,5.554
-0.745,0.153,1.063,59.021,31.555,16.113
-0.724,0.104,1.116,55.725,20.264,20.996
-0.682,0.055,1.109,41.199,5.371,20.020
-0.630,-0.009,1.045,23.376,-6.348,16.785
-0.596,-0.072,0.970,9.460,-11.597,13.428
-0.590,-0.130,0.888,2.808,-10.681,12.085
-0.565,-0.176,0.840,2.319,-7.080,11.780
-0.557,-0.191,0.812,6.897,-1.587,12.329
-0.545,-0.196,0.806,12.634,4.578,14.648
-0.537,-0.202,0.846,15.442,9.521,16.541
-0.549,-0.209,0.923,13.306,10.864,16.541
-0.530,-0.227,0.961,6.165,6.775,14.282
-0.507,-0.238,0.969,-1.221,0.610,9.644
-0.483,-0.232,0.969,-5.127,-4.272,5.127
-0.478,-0.219,0.964,-3.906,-6.287,2.136
-0.474,-0.200,0.952,0.183,-6.958,1.221
-0.471,-0.188,0.928,4.272,-7.996,2.197
-0.467,-0.180,0.891,5.859,-8.606,2.991
-0.458,-0.181,0.866,3.479,-7.507,2.808
-0.454,-0.176,0.866,-1.282,-4.700,1.526
-0.470,-0.172,0.905,-6.226,-1.587,-0.610
-0.485,-0.165,0.936,-10.376,-1.404,-2.930
-0.487,-0.158,0.945,-12.634,-5.127,-5.310
-0.478,-0.136,0.930,-11.719,-10.864,-6.531
-0.459,-0.112,0.926,-7.202,-16.357,-5.737
-0.452,-0.102,0.911,-0.305,-19.897,-3.418
-0.446,-0.107,0.898,6.348,-20.752,-0.488
-0.453,-0.115,0.879,10.315,-19.470,1.831
-0.454,-0.127,0.864,9.705,-17.029,2.380
-0.452,-0.148,0.841,5.188,-13.794,1.404
-0.453,-0.161,0.831,-1.038,-9.766,-1.282
-0.464,-0.152,0.846,-6.531,-7.141,-4.517
-0.466,-0.138,0.854,-9.766,-7.324,-7.324
-0.460,-0.122,0.846,-10.010,-9.094,-8.850
-0.447,-0.108,0.843,-7.507,-10.681,-8.301
-0.452,-0.117,0.839,-2.441,-10.925,-5.615
-0.462,-0.145,0.835,2.930,-10.559,-2.380
-0.457,-0.164,0.818,6.287,-10.803,-0.793
-0.454,-0.161,0.804,7.080,-10.376,-1.038

-1.464,-0.454,0.921,-7.446,-13.428,36.682
-1.664,-0.448,0.922,6.653,-12.512,36.255
-1.933,-0.380,0.894,21.484,-13.184,35.156
-2.271,-0.258,0.851,33.752,-14.282,34.119
-2.611,-0.081,0.850,43.823,-13.733,34.119
-2.820,0.100,0.876,50.171,-14.648,34.058
-2.857,0.213,0.890,51.147,-21.606,38.147
-2.750,0.248,0.858,48.035,-33.264,46.692
-2.672,0.258,0.758,45.959,-47.058,54.565
-2.623,0.248,0.611,48.645,-60.181,58.411
-2.566,0.255,0.433,54.993,-69.458,56.091
-2.439,0.318,0.261,63.232,-75.745,48.035
-2.252,0.354,0.081,72.632,-80.383,38.879
-1.980,0.345,-0.093,82.764,-82.092,34.363
-1.651,0.263,-0.242,95.642,-81.055,36.438
-1.288,0.159,-0.344,111.450,-77.637,42.297
-0.904,0.088,-0.375,123.169,-71.899,48.401
-0.530,0.017,-0.391,124.695,-63.843,56.458
-0.172,-0.017,-0.386,117.065,-52.734,66.223
0.239,-0.082,-0.388,101.379,-39.063,75.989
0.728,-0.146,-0.351,78.247,-20.935,85.388
1.300,-0.252,-0.264,50.171,3.906,95.703
1.873,-0.409,-0.123,15.564,39.124,102.234
2.417,-0.628,0.101,-22.522,86.609,98.877
2.943,-0.750,0.399,-53.162,138.611,85.938
3.585,-0.797,0.865,-69.763,191.711,66.956
3.998,-0.738,1.385,-70.740,241.760,39.673
4.000,-0.490,1.915,-60.059,284.668,9.583
3.725,-0.120,2.503,-38.330,319.946,-9.277
3.133,0.250,3.158,-9.094,342.102,-11.047
2.418,0.529,3.794,23.987,332.642,6.287
1.806,0.620,4.000,55.969,277.588,38.208
1.516,0.541,3.917,72.693,186.096,74.097
1.396,0.245,3.385,70.190,72.693,98.572
1.541,-0.176,2.632,51.331,-40.161,102.051
1.916,-0.575,1.915,21.301,-137.512,85.205
2.183,-0.867,1.271,-4.578,-200.989,59.265
2.268,-0.985,0.800,-14.343,-222.473,31.677
2.194,-0.911,0.596,-7.080,-219.299,4.089
2.035,-0.761,0.555,9.949,-210.632,-18.005
1.830,-0.577,0.588,24.475,-206.360,-31.494
1.577,-0.427,0.563,25.269,-209.595,-39.001
1.356,-0.297,0.490,8.667,-214.722,-46.326
1.101,-0.272,0.388,-18.250,-214.172,-50.598
0.765,-0.326,0.246,-46.021,-205.872,-50.110
0.501,-0.425,0.095,-65.979,-192.688,-49.438
0.277,-0.476,-0.042,-72.754,-175.720,-49.866
0.027,-0.441,-0.124,-66.467,-151.550,-51.331
-0.339,-0.344,-0.140,-57.861,-119.690,-52.368
-0.745,-0.257,-0.086,-54.016,-84.778,-48.767
-1.206,-0.212,0.039,-57.373,-54.871,-42.175
-1.594,-0.198,0.147,-66.895,-36.926,-39.246
-1.748,-0.160,0.237,-77.698,-33.569,-42.542
-1.683,-0.146,0.255,-81.726,-41.870,-47.546
-1.598,-0.156,0.220,-72.815,-49.316,-47.729
-1.502,-0.204,0.138,-53.345,-45.715,-41.626
-1.448,-0.224,0.096,-30.579,-31.189,-32.532
-1.583,-0.244,0.072,-11.780,-7.019,-24.597
-1.748,-0.272,0.052,-8.484,18.799,-21.729
-1.888,-0.261,0.104,-20.813,42.236,-29.175
-1.949,-0.162,0.265,-44.556,63.965,-48.523
-1.993,-0.057,0.454,-72.083,81.421,-72.632
-1.858,0.002,0.614,-92.529,84.778,-88.196
-1.680,0.004,0.713,-90.515,77.026,-90.088
-1.544,-0.007,0.809,-67.444,70.923,-82.031
-1.425,-0.034,0.856,-37.170,64.209,-70.190
-1.293,-0.032,0.881,-12.390,53.894,-59.387
-1.199,-0.031,0.904,0.427,43.396,-51.392
-1.119,-0.048,0.903,1.038,33.875,-43.823
-1.045,-0.048,0.914,-6.287,23.682,-39.063
-1.002,-0.060,0.881,-15.137,11.841,-37.170
-0.934,-0.034,0.808,-23.499,0.732,-37.354
-0.902,0.006,0.740,-28.992,-5.676,-37.842
-0.927,0.026,0.700,-32.043,-6.775,-35.645
-0.949,-0.033,0.646,-34.180,-6.592,-28.198
-0.927,-0.137,0.613,-33.386,-7.324,-17.090
-0.928,-0.264,0.585,-27.954,-8.362,-8.545
-0.889,-0.362,0.566,-17.761,-10.681,-4.517
-0.852,-0.391,0.575,-3.723,-14.160,-3.784
-0.815,-0.371,0.571,11.597,-16.907,-4.089
-0.765,-0.302,0.577,22.583,-18.555,-4.578
-0.734,-0.234,0.609,26.794,-16.418,-4.822
-0.705,-0.191,0.648,25.391,-9.277,-5.127
-0.703,-0.150,0.714,21.423,-0.183,-6.531
-0.711,-0.116,0.766,17.761,8.606,-9.033
-0.715,-0.099,0.762,14.404,13.306,-11.963
-0.698,-0.064,0.754,13.000,13.550,-14.832
-0.668,-0.042,0.755,13.611,11.414,-16.968
-0.661,-0.037,0.786,14.648,9.521,-18.066
-0.657,-0.030,0.812,15.930,7.446,-18.127
-0.654,-0.017,0.818,18.311,4.272,-17.639
-0.635,0.005,0.811,20.020,2.136,-16.174
-0.621,0.020,0.808,19.592,2.991,-12.878
-0.620,0.014,0.796,16.235,6.836,-9.277
-0.614,0.005,0.787,10.620,11.719,-7.324
-0.614,-0.013,0.769,4.028,16.907,-7.019
-0.612,-0.030,0.752,-1.526,19.897,-7.812
-0.591,-0.054,0.751,-4.395,20.691,-9.338
-0.599,-0.084,0.775,-4.150,20.569,-10.986
-0.611,-0.095,0.795,-1.831,17.456,-12.268
-0.581,-0.095,0.811,3.479,10.803,-12.451
-0.583,-0.091,0.804,10.620,4.639,-11.353
-0.574,-0.080,0.788,13.916,0.610,-9.277
-0.563,-0.071,0.789,12.695,0.000,-7.690
-0.574,-0.072,0.789,7.446,2.441,-7.019
-0.576,-0.060,0.793,0.244,5.066,-7.080
-0.575,-0.057,0.794,-5.615,6.653,-7.324
-0.569,-0.066,0.807,-7.996,8.301,-7.080
-0.584,-0.081,0.834,-6.897,9.583,-6.226
-0.587,-0.092,0.865,-3.235,8.362,-5.920
-0.604,-0.110,0.889,1.587,5.005,-5.371
-0.610,-0.126,0.883,7.141,0.305,-4.700
-0.603,-0.127,0.854,11.414,-4.211,-5.066
-0.590,-0.117,0.818,12.634,-6.897,-6.104
-0.590,-0.100,0.783,10.010,-6.409,-7.019
-0.589,-0.084,0.755,3.784,-3.479,-8.179
-0.584,-0.066,0.745,-2.563,0.488,-9.399
-0.584,-0.052,0.749,-6.836,5.615,-9.766
-0.586,-0.057,0.777,-8.179,9.888,-8.667

-1.759,-0.011,0.852,43.701,7.141,9.521
-1.901,0.016,0.877,59.204,8.789,18.066
-2.061,0.000,0.871,72.021,10.498,31.006
-2.230,-0.048,0.805,82.764,15.015,45.044
-2.486,-0.064,0.706,93.506,25.757,53.345
-2.797,0.001,0.686,102.112,41.382,54.688
-2.987,0.091,0.796,104.492,53.467,52.734
-3.108,0.161,0.871,99.243,48.218,53.955
-3.146,0.199,0.789,86.731,23.254,58.228
-3.115,0.237,0.543,68.665,-9.949,59.937
-3.075,0.159,0.219,52.246,-37.842,60.730
-3.051,0.070,-0.188,43.640,-53.528,57.617
-2.847,-0.016,-0.527,49.316,-58.105,51.453
-2.507,-0.135,-0.901,75.500,-54.810,48.523
-2.036,-0.187,-1.132,116.760,-39.490,48.340
-1.536,-0.242,-1.107,162.170,-10.193,53.528
-0.958,-0.387,-0.950,186.218,24.963,61.096
-0.341,-0.481,-0.706,172.607,58.167,57.373
0.335,-0.423,-0.289,124.451,84.045,40.527
1.037,-0.285,-0.013,58.594,92.285,29.175
2.160,-0.154,0.105,-2.563,84.656,34.790
3.295,-0.176,0.146,-44.189,82.825,53.833
4.000,-0.449,0.174,-67.566,113.342,65.857
4.000,-0.682,0.367,-81.421,169.678,48.340
4.000,-0.573,0.944,-65.918,231.995,10.620
4.000,-0.205,1.876,-12.756,291.138,-22.949
4.000,0.237,2.760,55.481,330.566,-31.128
3.931,0.531,3.551,116.760,332.825,-6.653
3.169,0.582,4.000,155.701,286.072,33.569
2.397,0.462,4.000,156.616,201.416,67.383
1.948,0.321,3.993,104.065,86.670,73.914
1.926,0.167,3.239,15.503,-44.983,52.368
2.315,-0.102,2.245,-70.313,-162.842,26.245
2.656,-0.334,1.234,-123.047,-239.807,13.733
2.777,-0.471,0.500,-122.742,-264.771,12.939
2.622,-0.581,0.111,-78.186,-248.047,16.968
2.331,-0.635,0.015,-19.287,-209.167,17.944
2.026,-0.604,0.128,22.644,-167.664,9.399
1.684,-0.513,0.328,39.856,-135.803,-6.165
1.382,-0.395,0.493,35.583,-116.516,-23.132
0.995,-0.223,0.606,17.517,-108.337,-32.349
0.564,-0.126,0.611,-5.371,-108.643,-32.715
0.236,-0.085,0.532,-33.386,-118.347,-29.175
-0.023,-0.116,0.406,-59.753,-131.287,-24.597
-0.290,-0.266,0.260,-76.111,-134.521,-20.996
-0.523,-0.448,0.117,-85.632,-124.512,-18.188
-0.702,-0.614,-0.005,-87.341,-109.375,-18.738
-0.876,-0.712,-0.097,-75.500,-89.294,-25.330
-1.045,-0.682,-0.092,-53.101,-62.317,-37.720
-1.258,-0.528,0.046,-29.236,-32.227,-52.490
-1.414,-0.291,0.259,-14.343,-7.690,-63.660
-1.514,-0.037,0.484,-11.902,2.686,-66.650
-1.612,0.128,0.589,-18.005,0.000,-63.049
-1.589,0.233,0.582,-31.372,-11.719,-59.204
-1.546,0.280,0.494,-46.753,-25.574,-56.824
-1.580,0.260,0.328,-59.021,-32.227,-50.171
-1.567,0.176,0.180,-69.153,-26.855,-37.476
-1.514,0.089,0.079,-81.360,-13.733,-25.635
-1.455,-0.012,0.139,-97.473,5.554,-13.855
-1.495,-0.166,0.301,-118.103,29.297,-2.075
-1.426,-0.341,0.490,-140.930,46.326,4.639
-1.418,-0.497,0.695,-154.419,51.208,2.747
-1.339,-0.573,0.820,-152.100,46.570,-6.592
-1.241,-0.537,0.888,-130.554,35.095,-22.705
-1.126,-0.465,0.867,-93.506,22.766,-37.720
-0.997,-0.344,0.796,-51.331,14.160,-48.035
-0.935,-0.136,0.760,-15.503,8.911,-52.429
-0.949,0.058,0.784,4.700,4.822,-48.157
-0.975,0.159,0.757,4.395,0.000,-36.621
-1.021,0.120,0.697,-12.634,-4.272,-19.531
-1.007,-0.056,0.635,-34.241,-5.066,-2.441
-0.984,-0.239,0.641,-44.800,0.610,9.338
-1.004,-0.420,0.705,-34.973,11.597,15.686
-1.026,-0.507,0.769,-8.911,20.874,15.259
-1.007,-0.470,0.833,22.644,22.522,10.132
-0.999,-0.329,0.909,48.279,20.935,3.540
-0.978,-0.175,0.973,54.871,19.043,-2.441
-0.905,-0.029,1.020,42.725,16.357,-8.057
-0.870,0.098,1.035,19.470,15.991,-13.916
-0.836,0.196,1.064,-4.883,19.043,-18.799
-0.807,0.239,1.087,-20.691,20.935,-20.508
-0.777,0.223,1.075,-23.560,19.897,-18.372
-0.740,0.184,1.048,-13.000,16.602,-14.404
-0.707,0.173,1.046,4.578,11.536,-10.498
-0.655,0.165,1.031,19.836,3.540,-6.897
-0.601,0.142,1.023,25.330,-4.822,-4.089
-0.547,0.088,0.999,20.630,-12.756,-2.258
-0.503,0.028,0.966,9.583,-18.982,-1.831
-0.482,-0.020,0.910,-1.892,-21.057,-2.258
-0.479,-0.056,0.852,-10.498,-18.921,-3.174
-0.481,-0.085,0.810,-15.442,-13.550,-3.906
-0.476,-0.098,0.788,-16.418,-7.202,-4.517
-0.472,-0.100,0.802,-14.221,-0.977,-5.005
-0.479,-0.102,0.867,-10.376,3.601,-4.639
-0.479,-0.114,0.931,-6.836,4.089,-3.845
-0.471,-0.110,0.983,-2.869,-0.366,-3.784
-0.474,-0.087,1.005,1.343,-6.409,-3.784
-0.475,-0.064,0.991,3.174,-12.207,-2.625
-0.471,-0.041,0.955,2.136,-16.296,-0.610
-0.478,-0.049,0.910,0.244,-16.418,1.709
-0.482,-0.071,0.870,-1.465,-13.000,2.747
-0.499,-0.084,0.845,-1.831,-7.751,1.282
-0.513,-0.078,0.846,-2.930,-2.258,-1.465
-0.530,-0.058,0.894,-5.066,0.916,-3.540
-0.552,-0.066,0.945,-7.019,-0.793,-3.906
-0.557,-0.094,0.950,-7.996,-7.080,-3.113
-0.544,-0.106,0.934,-5.981,-15.320,-2.625
-0.535,-0.123,0.919,-0.488,-21.545,-2.319
-0.536,-0.107,0.897,6.287,-24.902,-2.197
-0.535,-0.074,0.862,10.132,-26.794,-2.014
-0.534,-0.049,0.819,9.277,-26.428,-1.770
-0.537,-0.032,0.777,4.944,-23.010,-2.136
-0.527,-0.010,0.746,-0.244,-17.517,-2.808
-0.516,-0.003,0.750,-2.075,-10.498,-3.113
-0.528,-0.012,0.782,-0.366,-3.845,-2.441
-0.533,-0.032,0.832,2.380,-2.258,-1.587
-0.542,-0.052,0.880,6.287,-5.615,-1.709
-0.550,-0.044,0.883,10.376,-11.719,-2.686
-0.548,-0.019,0.863,14.282,-18.555,-3.845

-2.155,-0.066,0.858,31.921,9.338,58.899
-2.396,-0.061,0.918,53.223,-0.732,66.284
-2.693,0.024,0.950,66.895,-7.385,64.209
-2.968,0.183,0.929,69.153,-12.146,54.504
-3.049,0.408,0.862,61.096,-18.250,42.053
-2.985,0.619,0.754,50.049,-25.208,36.377
-2.876,0.735,0.619,45.105,-31.982,47.180
-2.676,0.691,0.466,53.894,-38.086,69.397
-2.462,0.496,0.361,71.411,-42.114,92.957
-2.347,0.257,0.285,86.975,-43.701,106.079
-2.165,0.063,0.164,95.215,-46.204,100.708
-1.867,-0.022,-0.009,101.685,-51.025,81.299
-1.528,0.031,-0.138,120.789,-53.284,62.927
-1.171,0.123,-0.191,151.978,-49.683,55.847
-0.729,0.196,-0.195,171.692,-42.358,58.655
-0.245,0.149,-0.237,159.119,-32.776,66.284
0.389,-0.044,-0.322,117.432,-17.212,73.547
1.265,-0.267,-0.337,67.017,9.460,76.538
2.362,-0.404,-0.111,29.724,48.096,80.261
3.293,-0.611,0.197,22.156,99.548,87.708
3.960,-0.782,0.626,37.781,163.391,82.153
4.000,-0.648,1.294,65.430,228.027,57.800
4.000,-0.349,2.148,90.942,274.475,34.668
4.000,-0.057,3.050,99.182,294.739,23.315
4.000,0.142,3.673,81.665,282.898,20.020
3.667,0.288,3.957,47.241,236.328,19.226
3.153,0.255,3.759,15.686,160.583,24.597
2.774,0.080,3.230,-10.681,68.298,33.630
2.487,-0.172,2.494,-35.767,-23.987,38.391
2.480,-0.507,1.727,-57.434,-102.112,36.682
2.456,-0.781,1.021,-66.162,-150.818,30.273
2.325,-0.863,0.571,-55.786,-161.316,16.968
2.044,-0.804,0.394,-35.522,-147.217,1.648
1.743,-0.654,0.393,-20.935,-125.549,-8.606
1.341,-0.518,0.477,-18.555,-102.295,-13.000
0.991,-0.465,0.535,-30.090,-82.703,-13.611
0.695,-0.430,0.591,-51.758,-70.801,-12.756
0.360,-0.436,0.609,-72.693,-64.697,-13.062
0.091,-0.439,0.607,-85.571,-64.514,-15.076
-0.315,-0.392,0.547,-84.717,-69.702,-16.418
-0.719,-0.333,0.456,-73.608,-73.853,-17.578
-0.963,-0.281,0.373,-61.523,-73.242,-19.287
-1.189,-0.283,0.302,-56.641,-66.895,-21.790
-1.361,-0.398,0.218,-64.758,-51.514,-26.123
-1.294,-0.537,0.214,-81.543,-28.564,-37.292
-1.277,-0.566,0.282,-88.501,-2.258,-56.396
-1.490,-0.452,0.434,-79.590,23.193,-78.857
-1.592,-0.236,0.544,-64.270,35.217,-96.130
-1.637,0.028,0.617,-48.950,30.396,-103.821
-1.658,0.242,0.623,-40.405,19.958,-102.661
-1.622,0.378,0.562,-45.471,11.780,-98.511
-1.581,0.422,0.459,-63.843,11.841,-93.750
-1.633,0.298,0.353,-88.257,23.071,-85.327
-1.568,0.012,0.358,-106.934,45.532,-68.970
-1.496,-0.302,0.510,-108.887,72.510,-52.795
-1.493,-0.526,0.795,-92.773,92.529,-42.419
-1.474,-0.638,1.097,-63.721,94.971,-39.063
-1.413,-0.632,1.259,-28.625,75.562,-42.542
-1.245,-0.499,1.298,5.005,41.443,-50.476
-1.041,-0.302,1.234,37.109,10.132,-57.312
-0.909,-0.098,1.123,60.425,-4.578,-60.669
-0.860,0.110,0.972,65.491,-7.690,-61.157
-0.863,0.265,0.858,52.490,-3.540,-60.669
-0.895,0.356,0.778,25.574,1.587,-59.875
-0.899,0.380,0.723,-5.432,3.845,-58.044
-0.886,0.387,0.711,-30.273,2.258,-55.969
-0.846,0.409,0.744,-37.231,-2.136,-50.232
-0.838,0.424,0.803,-20.813,-7.935,-37.781
-0.819,0.416,0.858,11.658,-17.883,-18.982
-0.809,0.375,0.906,46.692,-29.663,1.404
-0.777,0.296,0.914,69.092,-40.527,20.203
-0.725,0.189,0.867,73.853,-46.875,32.471
-0.722,0.093,0.787,63.049,-43.945,36.499
-0.704,0.003,0.747,40.344,-32.288,31.982
-0.716,-0.064,0.725,12.695,-18.311,21.667
-0.719,-0.105,0.746,-13.000,-7.385,8.728
-0.696,-0.126,0.786,-29.968,-0.732,-3.357
-0.674,-0.125,0.847,-34.912,1.709,-11.047
-0.660,-0.092,0.904,-27.893,-0.793,-13.672
-0.652,-0.052,0.946,-12.573,-8.240,-10.010
-0.645,-0.027,0.946,2.380,-19.470,-2.808
-0.634,-0.032,0.885,10.010,-30.029,4.150
-0.613,-0.049,0.809,8.789,-36.255,7.935
-0.586,-0.073,0.743,2.808,-35.034,8.240
-0.577,-0.084,0.718,-4.456,-26.306,5.859
-0.582,-0.079,0.722,-11.597,-14.404,2.563
-0.586,-0.077,0.768,-17.517,-3.906,0.061
-0.581,-0.092,0.857,-18.555,2.502,-1.099
-0.576,-0.098,0.930,-13.611,3.235,-0.732
-0.557,-0.084,0.993,-5.371,-1.221,0.610
-0.553,-0.071,1.023,2.563,-7.812,1.892
-0.543,-0.059,1.015,7.080,-15.381,2.625
-0.532,-0.047,0.977,7.385,-21.423,2.136
-0.523,-0.049,0.912,4.639,-23.254,0.427
-0.511,-0.049,0.853,0.183,-20.691,-2.258
-0.513,-0.036,0.798,-4.578,-14.648,-5.005
-0.516,-0.018,0.766,-9.338,-7.202,-7.446
-0.508,-0.007,0.772,-13.550,-0.793,-8.972
-0.520,-0.012,0.819,-14.099,4.639,-9.460
-0.537,-0.020,0.874,-11.047,6.409,-9.216
-0.543,-0.021,0.906,-6.470,2.258,-8.484
-0.548,-0.005,0.917,-1.770,-4.333,-7.751
-0.547,0.005,0.894,0.671,-10.864,-6.531
-0.543,0.025,0.854,0.977,-17.151,-5.066
-0.537,0.043,0.823,-1.099,-20.386,-3.540
-0.538,0.044,0.800,-5.127,-19.470,-2.014
-0.528,0.029,0.784,-9.277,-16.968,0.244
-0.519,0.008,0.765,-11.230,-13.672,2.747
-0.517,-0.012,0.764,-11.292,-10.132,4.089
-0.510,-0.025,0.768,-9.216,-7.507,4.944
-0.503,-0.023,0.803,-6.592,-5.981,5.554
-0.519,-0.051,0.853,-3.723,-5.859,6.592
-0.525,-0.081,0.877,-1.160,-8.423,6.531
-0.514,-0.092,0.867,1.099,-13.550,3.784
-0.507,-0.087,0.836,1.648,-17.395,0.610
-0.505,-0.083,0.797,0.916,-17.883,-1.892
-0.500,-0.071,0.755,-1.099,-16.479,-3.418
-0.500,-0.058,0.725,-3.723,-13.428,-4.517
-0.501,-0.035,0.704,-6.409,-7.812,-5.371

-1.928,0.090,0.777,2.625,27.710,60.913
-2.096,0.122,0.780,14.893,19.775,57.312
-2.191,0.202,0.807,28.748,14.404,49.500
-2.225,0.325,0.793,38.147,7.935,42.175
-2.227,0.435,0.692,38.696,-1.404,39.185
-2.221,0.631,0.559,30.518,-10.132,44.067
-2.268,0.851,0.352,12.756,-15.869,58.777
-2.206,0.858,0.131,-11.780,-16.418,85.083
-2.045,0.688,0.058,-20.996,-9.338,113.464
-1.961,0.393,0.072,5.127,0.000,137.939
-1.873,0.062,0.102,61.096,4.578,153.015
-1.781,-0.165,0.123,126.465,2.258,155.212
-1.692,-0.274,0.134,183.472,-0.366,147.400
-1.555,-0.308,0.150,214.722,2.808,131.775
-1.349,-0.306,0.192,211.243,10.254,111.755
-1.162,-0.240,0.275,175.842,19.104,90.149
-0.955,-0.213,0.330,118.469,25.879,71.472
-0.659,-0.229,0.359,53.955,26.794,58.228
-0.293,-0.255,0.377,-3.845,25.269,52.429
0.369,-0.452,0.568,-38.025,29.785,54.993
0.702,-0.514,0.873,-23.987,44.617,59.753
0.825,-0.522,1.080,26.672,55.176,68.848
1.067,-0.615,1.135,80.322,43.701,82.703
1.462,-0.649,1.110,114.990,19.287,92.102
1.931,-0.671,1.020,125.122,-0.610,97.595
2.375,-0.663,0.860,111.755,-8.667,100.464
2.711,-0.630,0.670,75.562,3.418,96.497
3.024,-0.823,0.596,28.809,46.631,82.703
3.210,-0.917,0.861,-14.404,117.004,48.157
3.173,-0.623,1.350,-53.162,184.448,-9.216
3.094,-0.133,1.993,-80.566,229.431,-62.256
2.951,0.265,2.553,-93.140,237.183,-89.844
2.687,0.590,2.821,-95.398,201.416,-91.919
2.375,0.814,2.883,-84.839,129.700,-72.571
2.061,0.817,2.598,-66.345,38.452,-42.908
2.027,0.618,2.122,-62.683,-53.528,-16.479
2.176,0.287,1.623,-74.402,-127.808,-1.587
2.260,-0.007,1.178,-82.275,-169.067,1.831
2.290,-0.244,0.873,-70.190,-178.894,-1.709
2.167,-0.401,0.662,-34.363,-169.983,-5.615
1.932,-0.470,0.553,18.250,-149.109,-7.080
1.605,-0.475,0.530,71.411,-124.878,-6.653
1.272,-0.473,0.557,109.680,-103.699,-6.592
0.941,-0.407,0.653,120.483,-87.585,-10.437
0.535,-0.368,0.725,97.900,-76.965,-18.738
0.218,-0.272,0.693,41.443,-74.524,-31.067
-0.037,-0.156,0.625,-31.677,-74.829,-46.997
-0.266,-0.099,0.525,-94.543,-74.158,-60.120
-0.442,-0.020,0.428,-126.099,-73.364,-66.162
-0.670,0.053,0.346,-122.681,-70.068,-63.477
-0.943,-0.006,0.269,-101.135,-63.965,-52.124
-1.096,-0.182,0.130,-78.918,-58.228,-34.241
-1.274,-0.370,0.076,-62.012,-45.593,-19.714
-1.463,-0.520,0.115,-49.316,-19.287,-18.799
-1.644,-0.494,0.334,-42.419,10.803,-29.175
-1.868,-0.409,0.568,-40.466,32.532,-42.114
-1.916,-0.212,0.820,-40.588,36.560,-60.120
-1.950,-0.011,0.947,-39.917,26.184,-77.148
-1.912,0.112,0.932,-41.260,10.071,-84.106
-1.811,0.182,0.812,-43.884,-6.348,-83.496
-1.773,0.199,0.654,-47.546,-17.700,-78.430
-1.719,0.068,0.479,-49.988,-17.517,-64.087
-1.638,-0.126,0.359,-49.255,-6.775,-42.908
-1.576,-0.294,0.342,-44.983,8.301,-28.259
-1.475,-0.433,0.421,-37.842,20.874,-20.447
-1.373,-0.505,0.486,-26.672,26.611,-18.311
-1.270,-0.511,0.541,-11.780,27.527,-21.851
-1.167,-0.450,0.594,3.479,26.733,-32.776
-1.091,-0.282,0.670,13.611,27.222,-47.363
-1.049,-0.091,0.753,12.817,28.198,-59.998
-1.001,0.045,0.824,1.038,27.649,-66.589
-0.982,0.098,0.844,-16.479,24.292,-62.195
-0.975,0.053,0.828,-33.875,19.165,-49.683
-0.964,-0.028,0.820,-43.335,12.695,-36.621
-0.968,-0.094,0.834,-38.940,5.554,-26.733
-0.965,-0.132,0.830,-19.958,-1.465,-17.883
-0.954,-0.153,0.815,5.249,-11.169,-10.132
-0.918,-0.118,0.790,28.015,-22.156,-6.287
-0.883,-0.064,0.758,41.992,-28.564,-5.981
-0.819,-0.000,0.720,43.335,-28.870,-7.935
-0.772,0.082,0.683,33.936,-20.752,-11.780
-0.746,0.117,0.656,15.869,-4.395,-14.587
-0.711,0.144,0.741,-5.859,14.954,-15.503
-0.678,0.131,0.873,-25.208,29.236,-14.343
-0.667,0.065,0.976,-36.133,33.142,-9.644
-0.649,-0.013,1.029,-30.396,26.855,-3.540
-0.619,-0.057,1.038,-11.292,14.648,1.404
-0.590,-0.062,1.014,9.399,1.648,4.395
-0.554,-0.058,0.974,22.034,-8.240,5.127
-0.520,-0.078,0.905,21.057,-14.221,5.127
-0.483,-0.089,0.836,8.606,-14.893,2.625
-0.460,-0.091,0.796,-6.897,-10.376,-1.892
-0.465,-0.085,0.781,-20.935,-3.479,-5.310
-0.461,-0.082,0.807,-30.212,1.526,-6.958
-0.463,-0.076,0.843,-32.715,2.502,-6.592
-0.465,-0.088,0.844,-28.748,-0.671,-4.456
-0.464,-0.115,0.822,-21.912,-4.639,-2.686
-0.481,-0.140,0.791,-13.245,-7.141,-3.174
-0.485,-0.151,0.755,-5.127,-7.568,-5.188
-0.490,-0.141,0.721,0.183,-5.859,-7.385
-0.492,-0.134,0.699,0.549,-1.770,-9.827
-0.492,-0.112,0.701,-3.418,4.761,-11.963
-0.495,-0.085,0.740,-8.972,12.268,-13.367
-0.501,-0.061,0.783,-14.343,18.921,-13.855
-0.512,-0.038,0.860,-17.761,23.254,-13.245
-0.526,-0.017,0.931,-18.311,24.048,-12.085
-0.535,-0.026,0.991,-15.686,20.264,-10.254
-0.539,-0.044,1.004,-9.216,12.634,-8.362
-0.535,-0.054,0.980,-0.488,3.479,-6.287
-0.527,-0.056,0.939,7.812,-3.723,-4.639
-0.520,-0.059,0.887,12.207,-7.202,-3.662
-0.506,-0.045,0.855,10.498,-6.775,-4.089
-0.511,-0.033,0.837,3.784,-2.930,-5.676
-0.510,-0.018,0.829,-5.127,2.991,-6.714
-0.501,0.002,0.860,-13.000,7.812,-7.080
-0.506,0.017,0.912,-16.174,10.010,-5.615
-0.505,0.013,0.962,-12.756,8.545,-1.953
-0.510,-0.013,0.979,-6.104,2.747,3.052
-0.499,-0.058,0.974,1.099,-4.211,6.226

-2.168,-0.033,0.898,14.465,33.752,61.707
-2.311,-0.034,1.017,18.982,30.334,63.965
-2.351,0.012,1.169,27.771,20.447,60.852
-2.311,0.088,1.245,42.542,6.287,58.655
-2.211,0.228,1.241,60.486,-7.812,59.387
-2.140,0.393,1.102,76.416,-18.982,64.941
-2.079,0.503,0.842,85.510,-26.245,77.454
-1.963,0.527,0.568,90.820,-27.161,93.567
-1.859,0.434,0.374,102.478,-18.738,109.375
-1.755,0.284,0.373,121.887,-4.272,124.695
-1.745,0.097,0.502,145.935,5.066,140.442
-1.716,-0.130,0.538,166.016,1.587,154.419
-1.613,-0.349,0.487,176.941,-10.132,158.813
-1.505,-0.512,0.311,175.903,-23.621,150.269
-1.337,-0.580,0.031,165.039,-31.677,132.202
-1.079,-0.562,-0.285,152.893,-29.907,113.281
-0.807,-0.431,-0.549,143.372,-15.991,104.065
-0.462,-0.369,-0.672,137.085,8.850,106.567
-0.161,-0.341,-0.429,124.268,40.833,112.793
0.106,-0.270,-0.098,88.867,59.570,117.676
0.552,-0.282,0.150,35.767,54.932,123.291
1.187,-0.530,0.207,-18.921,41.626,127.991
1.991,-1.037,0.151,-71.045,40.405,116.333
2.628,-1.219,0.118,-123.840,65.552,64.636
3.082,-0.945,0.243,-173.523,109.314,-8.972
3.506,-0.511,0.466,-194.275,159.729,-70.984
3.914,0.019,0.950,-174.927,204.712,-103.455
3.983,0.454,1.609,-111.694,236.206,-103.333
3.849,0.771,2.199,-29.053,244.873,-80.688
3.505,1.122,2.771,42.053,222.412,-54.077
2.969,1.301,3.092,85.815,170.715,-32.043
2.557,1.286,3.192,87.402,99.915,-15.564
2.273,1.083,3.009,53.955,13.794,-5.981
2.127,0.693,2.469,7.874,-75.684,-3.052
2.286,0.223,1.755,-37.170,-155.151,-6.653
2.438,-0.081,1.026,-68.298,-214.111,-16.846
2.479,-0.246,0.491,-66.956,-235.535,-25.330
2.343,-0.301,0.176,-33.875,-222.595,-26.001
2.047,-0.360,0.092,14.648,-192.200,-17.395
1.724,-0.379,0.144,51.636,-159.058,-9.644
1.436,-0.348,0.265,63.416,-131.592,-13.916
1.133,-0.358,0.387,51.575,-109.375,-25.574
0.827,-0.421,0.457,17.212,-90.759,-38.635
0.541,-0.470,0.544,-26.855,-76.233,-53.162
0.187,-0.562,0.542,-61.218,-69.702,-65.002
-0.114,-0.667,0.448,-77.454,-69.153,-69.702
-0.345,-0.682,0.340,-73.425,-70.068,-69.824
-0.587,-0.640,0.228,-50.903,-65.552,-71.350
-0.773,-0.498,0.156,-26.550,-53.528,-76.721
-1.032,-0.283,0.137,-9.827,-37.354,-84.839
-1.288,-0.090,0.144,-9.338,-19.775,-91.187
-1.369,0.060,0.196,-29.053,-5.432,-95.520
-1.453,0.140,0.343,-59.753,5.493,-97.107
-1.512,0.031,0.426,-87.036,16.663,-89.661
-1.515,-0.094,0.554,-106.140,26.062,-77.454
-1.572,-0.213,0.685,-114.075,29.236,-65.491
-1.628,-0.350,0.736,-114.685,25.269,-53.772
-1.587,-0.491,0.721,-111.084,16.235,-46.936
-1.525,-0.524,0.656,-103.821,5.920,-50.354
-1.537,-0.419,0.524,-92.468,-0.366,-59.021
-1.486,-0.323,0.421,-78.491,-1.465,-61.646
-1.401,-0.221,0.378,-61.157,-2.258,-56.091
-1.401,-0.191,0.358,-42.114,1.038,-47.241
-1.295,-0.265,0.358,-24.292,14.465,-32.776
-1.245,-0.328,0.501,-7.446,34.973,-21.545
-1.230,-0.415,0.691,1.038,55.359,-19.226
-1.209,-0.443,0.876,-2.380,67.017,-26.611
-1.142,-0.370,1.046,-13.733,64.331,-41.809
-1.031,-0.274,1.143,-26.184,51.758,-57.678
-0.978,-0.126,1.215,-32.837,38.452,-70.068
-0.954,0.021,1.225,-31.860,25.574,-74.829
-0.914,0.198,1.182,-27.283,11.292,-72.083
-0.876,0.325,1.116,-19.836,0.610,-61.646
-0.848,0.378,1.060,-11.536,-4.028,-45.654
-0.832,0.388,1.005,-4.333,-5.798,-26.489
-0.776,0.341,0.996,3.174,-4.578,-8.118
-0.742,0.200,1.022,11.841,-0.366,6.348
-0.739,0.070,1.103,19.287,2.869,14.771
-0.734,-0.015,1.182,23.743,-1.404,14.038
-0.705,-0.060,1.209,21.423,-12.756,5.981
-0.678,-0.080,1.182,12.329,-25.635,-4.211
-0.645,-0.088,1.109,0.305,-35.156,-13.733
-0.606,-0.081,1.012,-8.606,-40.894,-20.752
-0.576,-0.068,0.931,-11.108,-42.053,-23.254
-0.542,-0.045,0.857,-8.179,-38.574,-21.240
-0.519,-0.034,0.799,-4.639,-31.494,-16.235
-0.500,-0.044,0.772,-1.831,-22.400,-10.803
-0.490,-0.075,0.799,-0.549,-13.000,-6.958
-0.491,-0.124,0.857,-1.465,-6.104,-6.104
-0.498,-0.174,0.919,-4.456,-4.333,-8.545
-0.491,-0.228,0.955,-6.348,-7.812,-13.672
-0.486,-0.234,0.964,-5.127,-13.794,-19.348
-0.473,-0.228,0.937,-0.183,-19.104,-23.437
-0.463,-0.214,0.915,8.484,-22.766,-25.024
-0.463,-0.182,0.875,17.212,-23.071,-26.489
-0.459,-0.130,0.823,21.790,-21.057,-27.588
-0.453,-0.062,0.786,21.423,-16.541,-28.687
-0.464,0.007,0.800,15.564,-9.216,-28.625
-0.479,0.061,0.842,5.249,-3.052,-26.611
-0.477,0.084,0.882,-6.348,-1.221,-24.231
-0.469,0.076,0.897,-15.930,-3.357,-21.484
-0.467,0.044,0.911,-20.142,-7.446,-18.555
-0.458,0.010,0.903,-14.648,-13.550,-15.015
-0.452,-0.002,0.885,-0.122,-19.104,-10.437
-0.462,0.001,0.873,17.029,-21.179,-5.737
-0.477,0.002,0.863,27.588,-20.813,-2.380
-0.488,0.000,0.845,27.161,-19.897,-1.648
-0.495,0.009,0.829,17.151,-17.212,-3.052
-0.495,0.015,0.811,1.587,-13.611,-5.432
-0.493,0.028,0.823,-13.733,-9.705,-7.629
-0.504,0.018,0.848,-26.184,-6.592,-8.118
-0.512,-0.009,0.863,-33.630,-6.287,-7.019
-0.502,-0.028,0.865,-32.715,-8.972,-5.798
-0.504,-0.036,0.860,-22.583,-11.108,-3.174
-0.512,-0.043,0.849,-7.324,-11.902,1.831
-0.518,-0.050,0.839,7.080,-12.451,7.935
-0.517,-0.076,0.834,17.212,-12.634,12.024
-0.512,-0.103,0.836,19.348,-12.146,11.963
-0.516,-0.113,0.831,14.221,-9.949,7.446

-1.798,-0.077,0.954,57.434,59.753,44.556
-1.964,-0.129,1.021,69.763,55.359,55.603
-2.131,-0.135,1.036,74.646,48.279,58.228
-2.242,-0.047,1.040,72.510,43.091,50.415
-2.304,0.057,1.032,64.514,43.762,38.208
-2.318,0.211,1.003,56.335,51.819,27.588
-2.293,0.414,0.953,56.396,63.782,21.790
-2.252,0.617,0.918,70.007,74.890,26.794
-2.156,0.742,0.916,98.572,82.458,46.021
-2.018,0.789,0.938,130.981,83.740,72.266
-1.873,0.760,1.004,152.039,78.186,94.299
-1.808,0.666,1.119,156.372,63.538,109.497
-1.787,0.461,1.145,147.827,37.659,117.737
-1.639,0.154,1.017,132.751,4.578,118.958
-1.423,-0.077,0.793,118.286,-23.865,111.633
-1.181,-0.190,0.577,106.201,-38.574,97.046
-0.903,-0.173,0.376,94.421,-39.856,80.933
-0.541,-0.073,0.193,83.679,-32.593,70.679
-0.091,0.013,0.059,74.036,-15.747,71.106
0.395,-0.061,0.006,61.584,10.254,81.848
0.864,-0.189,0.146,43.518,35.095,97.229
1.296,-0.371,0.353,29.480,44.739,114.502
1.861,-0.641,0.508,21.851,36.316,127.808
2.406,-0.918,0.435,12.939,21.301,122.742
2.894,-0.925,0.255,1.587,18.311,91.431
3.396,-0.699,0.211,-7.446,34.668,46.509
3.815,-0.437,0.352,-8.301,65.674,6.958
3.999,-0.036,0.671,5.005,106.506,-24.048
3.944,0.380,1.177,36.255,140.625,-37.354
3.570,0.709,1.664,75.623,153.320,-27.161
3.113,0.854,2.032,108.948,142.029,-4.944
2.657,0.787,2.229,120.911,104.614,19.104
2.277,0.618,2.265,104.187,47.913,32.959
1.994,0.433,2.073,60.486,-19.104,30.640
1.939,0.250,1.709,3.235,-88.135,18.921
2.003,0.026,1.302,-45.471,-144.592,8.484
1.976,-0.166,0.834,-77.087,-178.345,1.953
1.893,-0.290,0.490,-91.492,-187.805,-1.404
1.754,-0.372,0.279,-88.501,-179.810,-3.784
1.523,-0.402,0.250,-71.228,-160.278,-6.470
1.224,-0.419,0.313,-46.021,-136.902,-6.592
0.898,-0.405,0.379,-23.560,-117.859,-5.066
0.607,-0.417,0.449,-14.099,-105.225,-3.601
0.419,-0.455,0.504,-20.325,-97.168,-3.601
0.240,-0.429,0.527,-39.246,-88.745,-9.094
0.062,-0.369,0.536,-66.467,-76.172,-21.667
-0.129,-0.235,0.535,-97.778,-58.899,-38.269
-0.354,-0.094,0.526,-125.366,-40.649,-53.101
-0.596,0.002,0.555,-139.648,-26.245,-60.425
-0.724,-0.001,0.595,-132.996,-17.212,-54.382
-0.920,-0.031,0.698,-104.248,-10.803,-34.607
-1.138,-0.155,0.817,-62.317,-4.761,-7.324
-1.236,-0.281,0.927,-26.978,-1.099,17.517
-1.230,-0.354,1.045,-7.996,-0.916,30.518
-1.336,-0.393,1.101,-6.165,0.427,30.579
-1.380,-0.495,1.058,-21.851,5.676,19.775
-1.318,-0.536,1.000,-50.110,11.169,-6.897
-1.291,-0.394,1.011,-74.829,16.357,-48.889
-1.319,-0.222,1.034,-82.825,24.292,-85.388
-1.266,-0.084,1.090,-70.740,28.259,-98.816
-1.255,0.020,1.174,-39.429,26.489,-90.210
-1.301,0.025,1.272,-2.625,24.963,-67.566
-1.340,-0.023,1.315,20.264,17.578,-44.312
-1.314,-0.082,1.272,18.433,1.282,-30.273
-1.254,-0.148,1.148,-8.606,-16.602,-29.114
-1.183,-0.200,0.973,-50.293,-28.015,-38.757
-1.060,-0.224,0.792,-88.806,-31.250,-53.101
-1.000,-0.224,0.664,-110.229,-25.513,-67.078
-0.995,-0.204,0.613,-109.985,-12.512,-74.402
-0.962,-0.205,0.644,-89.050,-1.282,-68.359
-0.991,-0.227,0.736,-52.917,4.089,-53.223
-1.017,-0.313,0.813,-13.855,4.333,-35.156
-1.062,-0.331,0.900,18.494,-1.953,-22.339
-1.004,-0.330,0.954,35.034,-14.587,-18.005
-0.992,-0.309,0.918,28.992,-25.391,-24.719
-0.906,-0.234,0.850,2.014,-36.682,-38.879
-0.809,-0.128,0.761,-28.748,-46.875,-54.077
-0.731,-0.010,0.689,-50.415,-50.720,-62.744
-0.700,0.086,0.667,-57.068,-46.509,-62.195
-0.684,0.144,0.684,-48.279,-40.405,-52.856
-0.715,0.111,0.695,-29.236,-35.522,-37.598
-0.718,0.036,0.710,-7.507,-33.264,-21.362
-0.721,-0.037,0.718,10.864,-32.837,-10.681
-0.728,-0.112,0.725,18.982,-32.593,-7.812
-0.720,-0.163,0.727,16.663,-32.837,-10.437
-0.702,-0.174,0.741,9.827,-33.752,-16.724
-0.694,-0.137,0.790,2.441,-34.180,-22.888
-0.676,-0.100,0.808,-3.418,-36.987,-25.879
-0.633,-0.048,0.782,-7.080,-41.504,-26.001
-0.597,-0.009,0.745,-5.676,-41.565,-23.926
-0.577,0.014,0.737,-0.671,-35.278,-19.958
-0.574,0.032,0.742,6.958,-26.489,-15.015
-0.568,0.030,0.757,15.381,-16.113,-10.803
-0.556,0.015,0.787,21.362,-7.263,-8.118
-0.544,0.003,0.822,22.400,-2.625,-7.385
-0.534,-0.006,0.878,19.104,-1.465,-8.484
-0.546,-0.016,0.904,12.573,-3.540,-11.658
-0.547,-0.002,0.894,3.662,-7.629,-16.418
-0.534,0.007,0.851,-4.272,-12.756,-20.081
-0.517,0.010,0.794,-8.057,-15.808,-21.790
-0.500,0.014,0.744,-5.615,-15.198,-20.630
-0.493,0.023,0.708,2.991,-11.047,-16.418
-0.496,0.037,0.712,14.221,-3.845,-9.949
-0.506,0.036,0.748,21.851,4.211,-4.456
-0.516,0.029,0.812,21.667,10.132,-1.404
-0.529,0.021,0.871,14.465,11.658,-1.648
-0.530,0.012,0.907,3.601,9.094,-4.395
-0.529,0.017,0.914,-6.287,4.211,-8.728
-0.530,0.037,0.913,-11.963,-0.488,-12.268
-0.529,0.046,0.893,-11.353,-4.333,-13.062
-0.528,0.046,0.860,-4.395,-7.019,-10.193
-0.523,0.049,0.829,6.409,-7.874,-6.165
-0.524,0.045,0.809,15.808,-5.676,-2.686
-0.524,0.046,0.807,19.226,-2.136,-0.244
-0.527,0.046,0.840,16.479,1.709,0.122
-0.533,0.041,0.866,7.751,4.883,-1.404
-0.530,0.050,0.886,-3.235,4.639,-3.357
-0.530,0.052,0.886,-12.451,1.892,-4.883
-0.529,0.042,0.869,-18.738,-1.831,-4.456

-1.846,0.162,0.676,-18.433,38.757,22.766
-1.966,0.168,0.683,8.850,36.133,35.522
-2.156,0.143,0.609,40.588,32.654,49.133
-2.428,0.170,0.485,72.021,30.579,59.326
-2.624,0.256,0.391,96.130,31.433,62.744
-2.641,0.361,0.339,108.276,34.058,63.171
-2.501,0.407,0.304,109.436,37.109,66.650
-2.348,0.440,0.243,102.051,38.940,74.646
-2.242,0.454,0.176,92.346,41.077,87.219
-2.165,0.431,0.094,86.426,45.349,102.539
-2.202,0.395,-0.009,84.473,49.866,116.638
-2.190,0.323,-0.063,84.106,56.213,126.160
-2.020,0.201,-0.049,84.351,61.584,130.676
-1.845,0.028,0.077,88.501,61.401,134.949
-1.661,-0.228,0.213,91.858,50.964,137.024
-1.359,-0.465,0.327,83.069,28.442,130.920
-0.924,-0.613,0.343,66.284,-1.770,114.624
-0.388,-0.676,0.302,55.298,-32.227,94.482
0.223,-0.672,0.210,56.580,-56.580,77.881
0.990,-0.575,0.129,68.298,-65.552,73.181
1.727,-0.501,0.119,84.900,-50.415,79.224
2.344,-0.460,0.254,89.417,-10.132,84.717
2.966,-0.456,0.623,61.768,40.894,83.130
3.585,-0.500,1.022,8.850,88.013,64.087
3.989,-0.520,1.371,-50.842,135.315,18.982
4.000,-0.385,1.731,-99.976,184.265,-49.194
3.821,-0.007,2.094,-118.225,223.083,-124.268
3.318,0.520,2.381,-93.811,241.394,-174.500
2.803,1.074,2.599,-34.119,234.924,-182.556
2.358,1.541,2.818,34.363,207.764,-155.518
1.943,1.765,2.951,87.524,173.462,-106.689
1.650,1.660,2.903,101.379,130.676,-51.086
1.608,1.294,2.713,83.008,69.641,-4.761
1.734,0.775,2.328,57.312,-5.554,31.189
1.942,0.167,1.842,37.964,-73.608,61.584
2.091,-0.389,1.437,33.752,-117.920,76.782
2.136,-0.752,1.107,40.100,-143.005,67.993
2.076,-0.866,0.854,48.401,-157.349,43.640
1.974,-0.796,0.650,53.894,-164.795,18.005
1.801,-0.622,0.504,54.321,-166.199,-0.366
1.590,-0.424,0.461,46.753,-164.612,-7.324
1.266,-0.220,0.545,30.457,-165.588,-4.456
0.984,-0.152,0.557,4.822,-173.401,6.775
0.812,-0.287,0.478,-31.372,-182.495,19.958
0.659,-0.545,0.364,-67.749,-185.181,24.658
0.373,-0.807,0.209,-86.121,-173.523,17.212
0.027,-0.966,0.060,-83.984,-147.461,-1.221
-0.235,-0.918,0.042,-68.176,-118.652,-25.452
-0.577,-0.683,0.128,-41.443,-95.032,-47.974
-0.939,-0.397,0.201,-17.334,-79.285,-58.777
-1.298,-0.144,0.259,-10.681,-71.777,-58.960
-1.570,-0.002,0.227,-25.146,-70.862,-58.716
-1.623,0.085,0.162,-55.725,-74.341,-63.660
-1.597,0.163,0.143,-85.083,-72.327,-68.176
-1.597,0.071,0.154,-98.328,-54.688,-57.434
-1.569,-0.081,0.198,-96.558,-27.649,-34.058
-1.523,-0.199,0.338,-82.947,-3.723,-11.719
-1.656,-0.345,0.491,-61.523,14.465,5.127
-1.711,-0.521,0.573,-47.852,23.193,15.686
-1.695,-0.628,0.530,-45.593,13.672,15.564
-1.653,-0.673,0.385,-45.410,-0.793,4.333
-1.538,-0.668,0.248,-44.067,-3.479,-15.869
-1.447,-0.578,0.168,-43.945,0.488,-40.955
-1.357,-0.483,0.121,-45.105,9.705,-60.608
-1.251,-0.351,0.153,-44.922,22.766,-71.167
-1.204,-0.228,0.311,-38.818,35.767,-72.571
-1.190,-0.176,0.474,-28.748,44.983,-66.589
-1.139,-0.166,0.604,-16.052,43.457,-55.664
-1.065,-0.155,0.686,-2.869,34.180,-44.922
-0.995,-0.144,0.755,8.179,25.452,-38.696
-0.911,-0.106,0.801,12.512,17.883,-37.048
-0.870,-0.030,0.811,9.155,11.963,-39.063
-0.869,0.058,0.822,0.305,12.939,-42.114
-0.898,0.120,0.860,-10.193,17.029,-42.542
-0.918,0.142,0.917,-20.325,16.907,-39.795
-0.904,0.095,0.956,-27.771,9.399,-34.485
-0.881,0.022,0.978,-28.625,-0.977,-28.259
-0.864,-0.025,0.971,-20.508,-10.559,-23.376
-0.838,-0.050,0.942,-7.751,-18.799,-20.508
-0.818,-0.040,0.922,4.211,-23.376,-19.348
-0.801,-0.005,0.897,13.062,-23.315,-19.104
-0.776,0.020,0.871,15.625,-21.118,-18.433
-0.750,0.031,0.851,11.902,-18.066,-18.738
-0.714,0.049,0.840,4.089,-14.709,-19.897
-0.675,0.069,0.872,-3.845,-11.719,-20.630
-0.652,0.062,0.913,-10.315,-10.620,-18.799
-0.653,0.017,0.909,-15.625,-12.634,-14.465
-0.634,-0.031,0.884,-18.311,-17.517,-10.620
-0.623,-0.074,0.838,-15.991,-21.729,-8.423
-0.599,-0.106,0.782,-7.446,-24.292,-7.385
-0.574,-0.108,0.728,4.395,-23.926,-5.981
-0.567,-0.100,0.680,14.893,-17.944,-5.005
-0.572,-0.077,0.684,19.287,-7.751,-5.188
-0.575,-0.049,0.722,17.151,1.160,-5.981
-0.562,-0.035,0.785,9.644,6.775,-7.080
-0.569,-0.040,0.813,-0.183,8.545,-8.423
-0.565,-0.058,0.818,-8.606,7.324,-9.705
-0.558,-0.072,0.809,-13.245,4.272,-11.414
-0.561,-0.066,0.786,-13.855,1.953,-13.733
-0.550,-0.041,0.766,-10.498,0.488,-14.771
-0.560,-0.015,0.744,-3.174,0.122,-13.000
-0.557,-0.001,0.725,5.798,1.221,-9.583
-0.556,0.006,0.703,13.306,4.333,-6.653
-0.562,0.029,0.715,15.076,9.216,-5.188
-0.569,0.052,0.752,10.315,14.709,-4.700
-0.568,0.053,0.782,0.549,18.555,-4.028
-0.567,0.049,0.815,-8.484,20.264,-3.235
-0.561,0.033,0.861,-13.367,20.386,-2.136
-0.572,0.002,0.895,-13.428,18.982,-0.549
-0.582,-0.018,0.928,-8.484,15.381,1.404
-0.582,-0.033,0.957,0.793,9.277,3.113
-0.583,-0.042,0.949,11.292,2.258,3.906
-0.577,-0.030,0.929,18.738,-2.441,3.418
-0.575,-0.021,0.898,20.630,-4.272,1.770
-0.571,-0.012,0.872,16.479,-3.662,-1.282
-0.559,-0.002,0.850,7.263,-1.160,-5.005
-0.550,0.009,0.835,-4.333,2.197,-8.118
-0.540,0.024,0.835,-14.709,5.615,-9.338
-0.534,0.026,0.846,-21.057,8.179,-8.484

-1.981,-0.098,0.870,44.312,21.301,21.057
-2.177,-0.042,0.865,39.917,15.381,16.968
-2.290,0.022,0.839,29.846,7.202,12.695
-2.400,0.073,0.751,20.813,-1.770,14.954
-2.521,0.117,0.602,20.569,-9.827,23.132
-2.506,0.167,0.482,30.273,-16.113,33.508
-2.451,0.199,0.364,51.270,-19.348,45.715
-2.419,0.189,0.249,82.275,-18.433,62.500
-2.369,0.144,0.166,119.873,-13.062,82.397
-2.273,0.070,0.173,157.532,-4.639,100.586
-2.161,-0.040,0.294,183.105,2.930,110.962
-2.017,-0.177,0.357,185.425,2.930,112.061
-1.745,-0.313,0.313,163.513,-6.836,101.990
-1.391,-0.386,0.198,130.798,-21.790,83.496
-0.931,-0.417,0.018,101.501,-34.302,65.796
-0.457,-0.422,-0.163,81.604,-37.292,55.908
-0.003,-0.384,-0.326,76.233,-28.198,57.556
0.616,-0.290,-0.348,87.708,-5.920,70.801
1.340,-0.230,-0.148,102.966,29.724,91.553
1.968,-0.241,0.232,99.182,74.463,108.093
2.413,-0.270,0.637,65.125,114.258,115.967
2.930,-0.332,0.975,8.179,139.587,114.258
3.448,-0.484,1.168,-52.063,155.212,99.060
3.804,-0.693,1.348,-95.825,179.443,64.270
3.682,-0.538,1.660,-109.558,220.703,3.357
3.371,-0.084,2.080,-95.764,257.446,-66.650
3.041,0.541,2.628,-64.575,263.062,-109.253
2.591,1.066,3.036,-14.404,230.225,-104.919
2.120,1.315,3.193,45.715,168.518,-60.852
1.843,1.245,3.073,88.745,88.196,-3.601
1.728,0.906,2.753,92.712,-1.526,39.551
1.801,0.435,2.246,60.486,-89.355,56.885
2.039,-0.046,1.662,9.583,-162.415,53.101
2.184,-0.436,1.099,-31.921,-206.848,36.743
2.153,-0.612,0.657,-50.354,-219.238,15.686
2.012,-0.639,0.429,-41.016,-210.327,-1.221
1.801,-0.614,0.361,-13.672,-190.430,-12.024
1.504,-0.542,0.405,14.832,-172.485,-18.555
1.218,-0.441,0.459,33.447,-164.978,-25.940
0.973,-0.334,0.445,36.316,-162.720,-34.424
0.733,-0.256,0.389,20.386,-155.823,-41.992
0.490,-0.190,0.331,-11.597,-142.212,-47.363
0.183,-0.216,0.266,-51.758,-124.634,-48.340
-0.091,-0.302,0.211,-89.417,-104.065,-46.265
-0.435,-0.378,0.161,-115.112,-82.153,-45.959
-0.832,-0.412,0.108,-126.526,-57.739,-50.415
-1.183,-0.403,0.082,-125.671,-34.241,-60.181
-1.437,-0.300,0.109,-113.586,-17.273,-72.998
-1.563,-0.135,0.199,-92.957,-7.568,-83.862
-1.611,0.005,0.381,-69.092,-2.075,-86.243
-1.611,0.046,0.503,-48.950,-0.793,-74.585
-1.618,-0.004,0.567,-35.217,-2.441,-51.758
-1.661,-0.129,0.580,-26.123,-2.319,-28.870
-1.666,-0.270,0.526,-23.865,-1.099,-14.832
-1.652,-0.363,0.421,-29.968,0.000,-12.512
-1.625,-0.444,0.301,-43.701,8.240,-22.583
-1.623,-0.471,0.232,-61.829,26.794,-44.128
-1.591,-0.344,0.299,-80.078,48.462,-74.463
-1.571,-0.161,0.459,-94.482,63.293,-100.830
-1.523,-0.059,0.585,-100.037,66.833,-107.971
-1.424,-0.056,0.673,-90.881,62.805,-95.581
-1.362,-0.122,0.744,-65.857,54.077,-75.134
-1.292,-0.211,0.787,-31.372,42.847,-54.688
-1.209,-0.247,0.842,4.639,32.349,-39.978
-1.148,-0.244,0.879,34.180,24.719,-30.396
-1.086,-0.229,0.877,48.401,20.325,-26.062
-1.020,-0.172,0.930,45.349,18.921,-29.053
-0.991,-0.107,0.964,28.503,18.860,-35.706
-0.974,-0.016,0.986,3.723,17.212,-43.457
-0.944,0.046,0.975,-16.907,10.864,-48.584
-0.914,0.073,0.936,-27.344,2.197,-48.706
-0.882,0.064,0.892,-26.306,-5.127,-43.152
-0.863,0.043,0.876,-15.686,-10.803,-33.630
-0.837,0.016,0.868,0.061,-14.465,-23.987
-0.827,-0.007,0.871,17.151,-15.747,-15.686
-0.817,0.000,0.895,29.114,-15.930,-10.803
-0.814,0.031,0.923,32.043,-15.747,-9.033
-0.795,0.057,0.945,25.635,-17.761,-8.240
-0.764,0.077,0.955,13.855,-23.315,-8.545
-0.731,0.083,0.922,2.991,-29.358,-9.216
-0.704,0.070,0.857,-3.418,-34.424,-8.789
-0.664,0.040,0.793,-3.906,-37.170,-7.446
-0.645,0.005,0.736,-1.221,-35.645,-6.470
-0.635,-0.031,0.694,1.587,-31.250,-6.165
-0.622,-0.056,0.654,2.808,-26.001,-7.263
-0.607,-0.067,0.612,1.343,-19.958,-9.644
-0.587,-0.042,0.632,-0.732,-12.085,-12.207
-0.607,-0.015,0.689,-1.160,-4.822,-12.634
-0.617,-0.007,0.740,-1.892,-1.953,-9.888
-0.624,-0.019,0.786,-1.709,-3.601,-6.836
-0.620,-0.024,0.788,-0.916,-7.019,-5.310
-0.610,-0.047,0.758,-1.099,-10.559,-4.761
-0.600,-0.067,0.721,-1.648,-11.719,-4.639
-0.580,-0.086,0.684,-2.502,-9.277,-5.432
-0.563,-0.084,0.656,-3.418,-2.930,-7.385
-0.568,-0.086,0.652,-3.174,7.446,-9.460
-0.566,-0.076,0.682,-0.854,18.860,-10.254
-0.575,-0.037,0.792,3.723,26.672,-9.888
-0.587,-0.017,0.890,8.179,27.954,-7.690
-0.600,-0.005,0.933,9.644,23.071,-5.615
-0.589,0.003,0.952,7.629,13.733,-4.456
-0.585,0.000,0.933,2.686,3.296,-4.456
-0.576,-0.005,0.904,-2.930,-3.967,-5.371
-0.569,-0.004,0.863,-7.568,-8.301,-6.592
-0.561,-0.001,0.825,-8.484,-10.071,-6.531
-0.562,0.002,0.788,-5.371,-8.789,-5.188
-0.570,0.001,0.759,-0.854,-6.042,-2.808
-0.568,0.009,0.752,2.808,-2.991,-1.038
-0.576,0.015,0.765,4.578,0.793,0.000
-0.572,0.016,0.775,3.357,3.479,0.122
-0.578,0.018,0.796,0.000,4.761,-0.366
-0.569,0.015,0.837,-4.150,5.127,-1.404
-0.576,-0.006,0.866,-7.202,3.601,-2.197
-0.574,-0.017,0.874,-7.263,0.244,-2.258
-0.567,-0.012,0.872,-3.662,-3.357,-2.014
-0.573,-0.007,0.852,1.038,-5.981,-1.221
-0.567,0.004,0.828,3.601,-6.897,0.061
-0.564,0.018,0.808,2.686,-6.104,0.793
-0.564,0.022,0.786,-1.038,-3.601,0.977
